번호,이름,분류,타입,설명
1,이상해씨,씨앗포켓몬,"풀, 독 타입",태어났을 때부터 등에 이상한 씨앗이 심어져 있으며 몸과 함께 자란다고 한다.
2,이상해풀,씨앗포켓몬,"풀, 독 타입",꽃봉오리를 지탱하기 위해 하반신이 강해진다. 양지에서 가만히 있는 시간이 길어지면 드디어 커다란 꽃이 필 때다.
3,이상해꽃,씨앗포켓몬,"풀, 독 타입",태양에너지를 양분으로 큰 꽃을 피운다. 양지를 향해 이끌려가듯이 이동한다.
4,파이리,도롱뇽포켓몬,불꽃 타입,꼬리에서 타오르는 불꽃은 생명력의 상징. 기운이 없으면 불꽃이 약해진다.
5,리자드,화염포켓몬,불꽃 타입,타오르는 듯한 성격으로 늘 싸울 상대를 찾는다. 이겨야만 마음이 가라앉는다.
6,리자몽,화염포켓몬,"불꽃, 비행 타입",날개로 넓은 하늘을 높게 난다. 싸움의 경험을 쌓으면 불꽃의 온도가 높아진다.
7,꼬부기,꼬마거북포켓몬,물 타입,긴 목을 등껍질 안에 움츠릴 때 강한 물대포를 발사한다.
8,어니부기,거북포켓몬,물 타입,꼬리는 장수의 상징이다. 장수하는 어니부기의 등껍질에는 이끼가 끼어 있다.
9,거북왕,껍질포켓몬,물 타입,등의 분사구에서 뿜어내는 물은 두꺼운 철판을 단번에 꿰뚫는 파괴력이 있다.
10,캐터피,애벌레포켓몬,벌레 타입,다리는 짧지만 빨판이 있어서 비탈길이나 벽이라도 미끄러지지 않고 나아간다.
11,단데기,번데기포켓몬,벌레 타입,단단한 껍질로 둘러싸여 있지만 안은 부드러워서 강한 공격에는 버티지 못한다.
12,버터플,나비포켓몬,"벌레, 비행 타입",꽃 꿀을 아주 좋아한다. 약간의 꽃가루만으로도 꽃이 핀 장소를 찾아낸다.
13,뿔충이,송충이포켓몬,"벌레, 독 타입",숲이나 풀밭에 많이 서식한다. 머리 끝에 5cm 정도의 작고 날카로운 독침을 가지고 있다.
14,딱충이,번데기포켓몬,"벌레, 독 타입",성충이 되기 위해 일시적인 상태. 스스로는 거의 움직일 수 없지만 껍질은 단단하다.
15,독침붕,독벌포켓몬,"벌레, 독 타입",집단으로 나타나기도 한다. 맹렬한 스피드로 날아와 엉덩이의 독침으로 마구 찌른다.
16,구구,아기새포켓몬,"노말, 비행 타입",싸움을 좋아하지 않는 얌전한 성격이다. 덤벼들어도 반격하지 않고 모래를 뿌려 몸을 지킨다.
17,피죤,새포켓몬,"노말, 비행 타입",발톱이 발달해 있다. 먹이인 아라리 등을 잡아 100km 떨어진 둥지까지 옮긴다.
18,피죤투,새포켓몬,"노말, 비행 타입",아름다운 깃털을 펴서 상대를 위협한다. 마하 2의 스피드로 하늘을 날아다닌다.
19,꼬렛,쥐포켓몬,노말 타입,앞니가 길고 날카롭다. 평생 계속 자라기 때문에 딱딱한 것을 갉아서 간다.
20,레트라,쥐포켓몬,노말 타입,뒷발의 발가락에는 작은 물갈퀴가 있다. 강을 헤엄쳐 건너는 것도 처치 곤란한 녀석이다.
21,깨비참,아기새포켓몬,"노말, 비행 타입",날개가 짧아 먼 거리를 날 수 없다. 늘 바쁘게 여기저기 쪼아 대며 벌레를 찾는다.
22,깨비드릴조,부리포켓몬,"노말, 비행 타입",커다란 날개로 온종일 날아다닌다. 체력이 다해도 쉴 장소를 찾을 때까지 계속 난다.
23,아보,뱀포켓몬,독 타입,소리 없이 다가가 먹이를 덥석 문다. 식사 후에는 턱이 빠질 것 같아 괴로워한다.
24,아보크,코브라포켓몬,독 타입,배의 무늬가 무서운 얼굴로 보인다. 약한 적은 그 무늬만 보고도 공포를 느껴 움직이지 못하게 된다.
25,피카츄,쥐포켓몬,전기 타입,뺨의 전기 주머니에 전기를 모으고 있다가 적이 공격해 오면 방전해서 벼락을 떨어뜨린다.
26,라이츄,쥐포켓몬,전기 타입,전격은 10만 볼트에 이른다. 자신보다 몇 배나 큰 상대라도 일격에 기절시킨다.
27,모래두지,쥐포켓몬,땅 타입,지면에 구멍을 파고 산다. 자신에게 위험이 닥치면 둥그렇게 말아서 몸을 지킨다.
28,고지,쥐포켓몬,땅 타입,둥그렇게 몸을 말아 등으로 덮치거나 위에서 떨어져서 뾰족한 가시를 박는다.
29,니드런♀,독침포켓몬,독 타입,작아도 독침의 위력은 강렬하다. 방심한 틈을 타 독침을 찌르려고 한다.
30,니드리나,독침포켓몬,독 타입,동료나 가족과 함께 있을 때는 서로 상처 입히지 않도록 가시를 곤두세우지 않는다.
31,니드퀸,드릴포켓몬,"독, 땅 타입",딱딱하고 비늘로 덮인 몸을 부딪쳐서 상대를 튕겨 버리는 공격이 특기다.
32,니드런♂,독침포켓몬,독 타입,귀를 세워 주위의 기척을 느낀다. 낌새가 이상하면 즉시 독침을 곤두세운다.
33,니드리노,독침포켓몬,독 타입,뿔이 다이아몬드보다 단단하다. 적의 기척을 느끼면 뿔을 곤두세우고 덤벼든다.
34,니드킹,드릴포켓몬,"독, 땅 타입",강철 같은 피부를 가지고 있다. 굵은 꼬리를 힘껏 휘두르면 전신주도 두 동강 내 버린다.
35,삐삐,요정포켓몬,페어리 타입,귀여운 모습 때문에 인기가 많다. 조용한 산속에서 동료들과 모여서 산다고 한다.
36,픽시,요정포켓몬,페어리 타입,귀가 좋아서 1km 밖에서 나는 바늘 떨어지는 소리도 들을 수 있다.
37,식스테일,여우포켓몬,불꽃 타입,하얀 꼬리는 자라면서 색이 짙어지고 개수도 늘어난다.
38,나인테일,여우포켓몬,불꽃 타입,9명의 성자가 합체하여 이 포켓몬으로 환생했다는 전설이 있다.
39,푸린,풍선포켓몬,"노말, 페어리 타입",둥글고 큰 눈으로 상대를 유인해서 기분 좋은 노래를 불러 잠이 들게 한다.
40,푸크린,풍선포켓몬,"노말, 페어리 타입",탄력성이 뛰어난 몸은 숨을 크게 들이마시면 어디까지든 부풀어 오른다.
41,주뱃,박쥐포켓몬,"독, 비행 타입",동굴 천장에 매달려 산다. 어두컴컴한 곳을 좋아해서 밤이 되면 움직이기 시작한다.
42,골뱃,박쥐포켓몬,"독, 비행 타입",4개의 송곳니로 물어뜯으면 피를 300cc나 빨아 버려서 위험하다.
43,뚜벅쵸,잡초포켓몬,"풀, 독 타입",낮에는 땅속에 몸을 파묻고 있다. 전신으로 영양을 섭취한다.
44,냄새꼬,잡초포켓몬,"풀, 독 타입",입에서 흘리는 침은 꿀 같은 냄새가 나지만 닿으면 용해되어 버리는 무서운 액체다.
45,라플레시아,꽃포켓몬,"풀, 독 타입",세상에서 제일 큰 꽃잎에서 알레르기를 일으키는 꽃가루를 흩뿌린다.
46,파라스,버섯포켓몬,"벌레, 풀 타입",구멍을 파서 나무 뿌리의 즙을 빤다. 등의 버섯은 본체로부터 진액을 빼앗아 성장한다.
47,파라섹트,버섯포켓몬,"벌레, 풀 타입",벌레인 몸보다 버섯 쪽의 의지가 강하다. 습한 장소를 좋아한다.
48,콘팡,곤충포켓몬,"벌레, 독 타입",밤이 되면 활동을 시작한다. 가로등의 불빛에 이끌려 모여드는 벌레 등을 즐겨 먹는다.
49,도나리,나방포켓몬,"벌레, 독 타입",날개에 묻은 인분은 색에 따라 독이 다르다. 짙은 색의 가루에는 맹독이 있으므로 주의.
50,디그다,두더지포켓몬,땅 타입,지하 1m 정도를 파고 나아가며 나무 뿌리 등을 갉아 먹고 산다.
51,닥트리오,두더지포켓몬,땅 타입,원래는 하나의 몸에서 세쌍둥이가 되었다. 그래서 모두 생각하는 것이 같다.
52,나옹,요괴고양이포켓몬,노말 타입,낮에는 자고 밤이 되면 활동한다. 둥근 것을 보면 놀고 싶어 해서 잠들 수 없다.
53,페르시온,샴고양이포켓몬,노말 타입,기품이 넘치는 모습 때문에 펫으로 인기가 많지만 야생의 거친 성격이 남아 있다.
54,고라파덕,오리포켓몬,물 타입,이상한 힘을 쓰면 두통이 발생하기 때문에 평소에는 멍하니 지내며 힘을 쓰지 않도록 하고 있다.
55,골덕,오리포켓몬,물 타입,이마가 붉게 빛날 때 초능력을 쓸 수 있다. 과거에 갓파로 오해받기도 했다.
56,망키,돈숭이포켓몬,격투 타입,나무 위에서 생활한다. 무리에서 떨어져 혼자가 되면 외로워서 화를 내기 시작한다.
57,성원숭,돈숭이포켓몬,격투 타입,시선을 마주치기만 해도 화를 낸다. 도망치면 쫓아오고 멍해 있으면 때린다.
58,가디,강아지포켓몬,불꽃 타입,사람을 잘 따르는 충실한 성격이다. 적에게는 짖거나 물어서 쫓아버리려 한다.
59,윈디,전설포켓몬,불꽃 타입,중국의 전설 포켓몬이다. 맹렬한 스피드로 달리는 모습에 매료되는 자가 많다.
60,발챙이,올챙이포켓몬,물 타입,소용돌이무늬는 내장이 비쳐서 보이는 것이다. 올챙이 때는 다리가 없어서 물 밖으로 나오지 못한다.
61,슈륙챙이,올챙이포켓몬,물 타입,전신의 피부는 습해 있다. 배의 소용돌이무늬는 미묘하게 굽이치고 있어 보고 있으면 졸음이 온다.
62,강챙이,올챙이포켓몬,"물, 격투 타입",발달한 튼튼한 근육은 아무리 운동해도 지치지 않는다. 태평양도 가볍게 횡단할 정도.
63,캐이시,초능력포켓몬,에스퍼 타입,하루 18시간을 잔다. 자고 있는 동안에도 적의 기척을 감지하면 순간이동해서 도망간다.
64,윤겔라,초능력포켓몬,에스퍼 타입,몸에서 특수한 알파파가 나오고 있어 근처에 가면 머리가 아파온다.
65,후딘,초능력포켓몬,에스퍼 타입,뇌세포는 죽을 때까지 계속 늘어난다. 모든 일을 기억하고 있는 포켓몬이다.
66,알통몬,괴력포켓몬,격투 타입,전신이 근육덩어리다. 어린아이 정도의 크기지만 어른 100명을 날려 버릴 수 있다.
67,근육몬,괴력포켓몬,격투 타입,지치지 않는 육체를 가졌다. 무거운 짐 나르기 같은 일을 도와주는 등 사람을 위해 일한다.
68,괴력몬,괴력포켓몬,격투 타입,4개의 팔을 사용한 격투 기술은 2초 동안 1000발의 펀치를 날릴 수 있다.
69,모다피,꽃포켓몬,"풀, 독 타입",가늘고 유연한 몸은 아무리 강한 공격을 받아도 휘어지면서 피할 수 있다.
70,우츠동,파리잡이포켓몬,"풀, 독 타입",냄새로 먹이를 유인한다. 입에서 냄새가 나면 먹이를 통째로 삼켜버렸다는 신호다.
71,우츠보트,파리잡이포켓몬,"풀, 독 타입",꿀 냄새로 먹이를 유인한다. 꿀 냄새는 입안에 녹아있는 먹이의 냄새다.
72,왕눈해,해파리포켓몬,"물, 독 타입",몸의 99퍼센트가 수분이다. 남은 1퍼센트에 독을 만드는 기관이 있다.
73,독파리,해파리포켓몬,"물, 독 타입",80개의 촉수는 자유롭게 움직인다. 찌르는 것과 동시에 독을 주입해서 약해지면 먹으려고 한다.
74,꼬마돌,암석포켓몬,"바위, 땅 타입",산길에 많이 서식하고 있다. 무심코 밟으면 화를 내니 주의가 필요하다.
75,데구리,암석포켓몬,"바위, 땅 타입",비탈길을 굴러서 이동한다. 기세가 붙으면 커다란 바위도 부숴버리며 굴러간다.
76,딱구리,메가톤포켓몬,"바위, 땅 타입",다이너마이트로도 상처 입지 않는 단단한 몸을 가졌다. 허물을 벗으며 자란다.
77,포니타,불의말포켓몬,불꽃 타입,태어나서 바로 일어선다. 넘어지면서 걷는 연습을 하여 다리의 힘이 강해진다.
78,날쌩마,불의말포켓몬,불꽃 타입,시속 240km로 달린다. 갈기와 꼬리의 불꽃이 맹렬하게 흔들리는 것은 스피드를 내고 있다는 증거.
79,야돈,얼간이포켓몬,"물, 에스퍼 타입",꼬리를 강에 넣고 먹이를 낚는다. 하지만 이내 무엇을 하고 있었는지 잊어버리고 엎드려 눕는다.
80,야도란,기생포켓몬,"물, 에스퍼 타입",셀러가 물고 있어서 꼬리로 낚시를 할 수 없게 되어 억지로 물속을 헤엄쳐 먹이를 잡는다.
81,코일,자석포켓몬,"전기, 강철 타입",공중에 떠서 이동한다. 좌우의 유닛에서 전자기파 등을 방사한다.
82,레어코일,자석포켓몬,"전기, 강철 타입",3마리의 코일이 연결되어 강력한 전파를 낸다. 반경 1km 내의 기온을 2도 높인다.
83,파오리,오리포켓몬,"노말, 비행 타입",지니고 있는 식물의 줄기에는 훌륭한 것과 그렇지 않은 것이 있는 듯하여 파오리끼리 줄기를 두고 싸우기도 한다.
84,두두,쌍둥이새포켓몬,"노말, 비행 타입",날개가 퇴화해서 날 수 없지만 발달한 다리로 대지를 시속 100km로 달린다.
85,두트리오,세쌍둥이새포켓몬,"노말, 비행 타입",3개의 머리가 고도의 작전을 짠다. 셋 중 하나가 깨어 있으므로 자고 있을 때도 안심할 수 없다.
86,쥬쥬,강치포켓몬,물 타입,추운 곳을 아주 좋아한다. 영하 10도의 바다에서 기분 좋게 헤엄쳐 다닌다.
87,쥬레곤,강치포켓몬,"물, 얼음 타입",전신의 하얀 털은 눈 속에서 몸을 숨길 때 보호색이 된다.
88,질퍽이,진흙포켓몬,독 타입,더러운 장소를 좋아해서 쓰레기장에 모인다. 밤이 되면 오염된 진흙을 찾아다닌다.
89,질뻐기,진흙포켓몬,독 타입,몸에서 맹독 성분의 체액이 배어 나온다. 풀이나 나무가 닿기만 해도 말라 죽어 버린다.
90,셀러,두조개포켓몬,물 타입,다이아몬드보다 단단한 껍질에 싸여 있다. 하지만 안은 의외로 부드럽다.
91,파르셀,두조개포켓몬,"물, 얼음 타입",껍질이 매우 단단해서 네이팜탄으로도 부술 수 없다. 공격할 때만 껍질을 연다.
92,고오스,가스포켓몬,"고스트, 독 타입",낡아서 아무도 살지 않는 건물에 깃든다. 형태가 분명하지 않은 독가스로 되어 있다.
93,고우스트,가스포켓몬,"고스트, 독 타입",어둠 속에서 아무도 모르게 다가온다. 무언가 핥는 느낌이 들면 이미 늦었다.
94,팬텀,그림자포켓몬,"고스트, 독 타입",갑자기 한기가 느껴진다면 팬텀이 가까이 있는 것이다. 어쩌면 저주를 걸고 있을지도 모른다.
95,롱스톤,돌뱀포켓몬,"바위, 땅 타입",땅속을 맹렬한 스피드로 파고든다. 지나간 자리는 그대로 동굴이 된다.
96,슬리프,최면포켓몬,에스퍼 타입,즐거운 꿈을 꾸고 있었는데도 기억이 나지 않는다면 슬리프가 먹은 것이다.
97,슬리퍼,최면포켓몬,에스퍼 타입,손에 든 추를 눈앞에서 흔들기 시작하면 방금 깨어난 사람도 3초 뒤에 잠이 든다.
98,크랩,게포켓몬,물 타입,위험이 닥치면 입에서 거품을 내뿜어서 전신을 감싸 몸을 크게 보이려고 한다.
99,킹크랩,집게포켓몬,물 타입,한쪽 집게가 거대해졌다. 1만 마력의 파괴력을 가졌지만 너무 무거워서 움직임이 둔하다.
100,찌리리공,볼포켓몬,전기 타입,몬스터볼과 헷갈려 건드리면 감전된다. 도망치면서 폭발하기도 한다.
101,붐볼,볼포켓몬,전기 타입,공기 중의 전기에너지를 먹는다. 번개가 칠 때 붐볼이 모여와 전기를 먹는 모습을 볼 수 있다.
102,아라리,알포켓몬,"풀, 에스퍼 타입",6마리가 모여서 1마리다. 동료가 줄어들면 곧바로 어딘가에서 데리고 와서 6마리가 되려고 한다.
103,나시,코코넛포켓몬,"풀, 에스퍼 타입",걸어 다니는 열대우림이라 불린다. 머리의 열매 중 하나가 땅에 떨어지면 아라리가 된다.
104,탕구리,고독포켓몬,땅 타입,죽은 어미의 해골을 머리에 쓰고 있다. 울음소리는 해골 안에서 울려 퍼져 슬픈 멜로디가 된다.
105,텅구리,뼈다귀포켓몬,땅 타입,단련된 뼈로 상대를 두들겨 패는 흉포한 성격으로 진화했다.
106,시라소몬,킥포켓몬,격투 타입,킥을 찰 때 발바닥이 다이아몬드처럼 단단해져서 상대를 파괴한다.
107,홍수몬,펀치포켓몬,격투 타입,프로 복서의 영혼이 깃들어 있다. 펀치는 콤크리트도 뚫을 만큼 강하다.
108,내루미,핥기포켓몬,노말 타입,2m가 넘는 긴 혀는 앞발처럼 자유자재로 움직인다. 핥아대서 온몸에 침을 묻힌다.
109,또가스,독가스포켓몬,독 타입,몸속에 맹독 가스를 모아두고 있다. 가끔 가스 탓에 대폭발을 일으킨다.
110,또도가스,독가스포켓몬,독 타입,2개의 독가스 성분이 체내에서 섞여 더욱 강력한 독가스가 되었다.
111,뿔카노,가시포켓몬,"땅, 바위 타입",머리는 나쁘지만 힘은 세다. 고층 빌딩도 몸통박치기로 산산조각 낸다.
112,코뿌리,드릴포켓몬,"땅, 바위 타입",지능이 발달했다. 갑옷 같은 피부는 마그마 속에서도 견딜 수 있다.
113,럭키,알포켓몬,노말 타입,1일에 1개 알을 낳는다. 알은 영양이 풍부하고 맛이 좋기로 유명하다.
114,덩쿠리,덩굴포켓몬,풀 타입,전신이 파란 덩굴에 싸여 있어 정체를 알 수 없다. 끊어져도 금방 자라난다.
115,캥카,부모포켓몬,노말 타입,배의 주머니에 새끼를 넣어 키운다. 새끼를 지키기 위해서라면 어떤 상대라도 덤벼든다.
116,쏘드라,드래곤포켓몬,물 타입,위험을 느끼면 입에서 물이나 특수한 먹물을 뿜고 도망간다.
117,시드라,드래곤포켓몬,물 타입,가시에 찔리면 기절할 정도의 독이 나온다. 함부로 만지려고 하면 위험하다.
118,콘치,금붕어포켓몬,물 타입,꼬리지느러미를 드레스처럼 흔들며 우아하게 헤엄치는 모습은 수중의 여왕이라 불린다.
119,왕콘치,금붕어포켓몬,물 타입,뿔로 강바닥을 파서 둥지를 만든다. 둥지를 지키기 위해 목숨 걸고 싸운다.
120,별가사리,별포켓몬,물 타입,몸의 일부가 잘려 나가도 금방 재생된다. 중심의 코어가 빛나면 통신하고 있는 것으로 추정된다.
121,아쿠스타,수수께끼포켓몬,"물, 에스퍼 타입",코어가 7가지 색으로 빛난다. 바다의 보석이라 불리며 보석으로 삼으려는 사람도 있다.
122,마임맨,배리어포켓몬,"에스퍼, 페어리 타입",팬터마임이 특기다. 손가락 끝에서 나오는 파동으로 벽을 만들어 적의 공격을 튕겨낸다.
123,스라크,사마귀포켓몬,"벌레, 비행 타입",날카로운 낫으로 먹이를 벤다. 너무 빨라서 잔상밖에 보이지 않는다.
124,루주라,인간형포켓몬,"얼음, 에스퍼 타입",인간의 말을 하는 것처럼 울음소리를 내지만 무슨 말인지는 아직 밝혀지지 않았다.
125,에레브,전기포켓몬,전기 타입,폭풍우가 치면 번개를 먹기 위해 높은 나무 위에 올라가기도 한다.
126,마그마,불뿜기포켓몬,불꽃 타입,화산의 분화구 근처에서 발견되었다. 입에서 불을 뿜는다. 체온은 1200도나 된다.
127,쁘사이저,사슴벌레포켓몬,벌레 타입,2개의 큰 뿔은 거목을 싹둑 절단할 정도의 파워를 가지고 있다.
128,켄타로스,성난소포켓몬,노말 타입,몸을 부딪치며 싸우지 않으면 기분이 풀리지 않는다.
129,잉어킹,물고기포켓몬,물 타입,힘이 없고 한심한 포켓몬이다. 튀어 오르기만 해서 놈에게 잡히고 만다.
130,갸라도스,흉악포켓몬,"물, 비행 타입",잉어킹에서 진화했다고는 믿을 수 없을 정도로 흉포하다. 입에서 파괴광선을 쏜다.
131,라프라스,탈것포켓몬,"물, 얼음 타입",사람을 태우고 바다를 건너는 것을 아주 좋아한다. 기분이 좋으면 콧노래를 부른다.
132,메타몽,변신포켓몬,노말 타입,세포를 재구성해서 변신한다. 본 적 있는 것으로만 변신할 수 있다.
133,이브이,진화포켓몬,노말 타입,불규칙한 유전자를 가졌다. 돌의 방사선 등에 의해 몸이 돌연변이를 일으켜 진화한다.
134,샤미드,거품뿜기포켓몬,물 타입,물가에 사는데 꼬리에 지느러미가 남아 있어 인어로 착각하기도 한다.
135,쥬피썬더,번개포켓몬,전기 타입,세포가 약한 전기를 띠고 있다. 털을 곤두세워 정전기를 모은다.
136,부스터,불꽃포켓몬,불꽃 타입,체내에 불꽃 주머니가 있다. 숨을 깊게 들이마신 후 1700도의 불꽃을 내뱉는다.
137,폴리곤,가상포켓몬,노말 타입,전신이 프로그램으로 되어 있다. 호흡을 하지 않아도 우주 같은 곳에서 활동할 수 있다.
138,암나이트,소용돌이포켓몬,"바위, 물 타입",멸종한 포켓몬이다. 10개의 다리를 능숙하게 움직여 바다를 헤엄쳤다고 한다.
139,암스타,소용돌이포켓몬,"바위, 물 타입",껍질이 너무 커져서 움직임이 둔해진 탓에 멸종했다는 설이 있다.
140,투구,갑옷포켓몬,"바위, 물 타입",딱딱한 껍질로 몸을 지킨다. 먹이가 다가오면 날카로운 발톱으로 찔러버린다.
141,투구푸스,갑옷포켓몬,"바위, 물 타입",수중을 자유롭게 헤엄쳐 먹이를 잡지만 지상에서도 활동할 수 있었던 것 같다.
142,프테라,화석포켓몬,"바위, 비행 타입",톱날 같은 이빨로 적의 목을 물어뜯는다. 고대의 흉폭한 포켓몬이다.
143,잠만보,졸음포켓몬,노말 타입,먹고 자는 것이 하루 일과다. 썩거나 곰팡이가 핀 것을 먹어도 탈이 나지 않는다.
144,프리져,냉동포켓몬,"얼음, 비행 타입",전설의 새 포켓몬이다. 공기 중의 수분을 얼려 눈보라를 만들어낸다.
145,썬더,전기포켓몬,"전기, 비행 타입",전설의 새 포켓몬이다. 번구름 속에 썬더가 있으면 번개가 친다고 한다.
146,파이어,화염포켓몬,"불꽃, 비행 타입",전설의 새 포켓몬이다. 몸이 상처를 입으면 마그마에 들어가 몸을 치료한다고 한다.
147,미뇽,드래곤포켓몬,드래곤 타입,탈피를 반복하며 자란다. 탈피할 때 몸을 비비는 폭포 뒤에 보호받고 있다.
148,신뇽,드래곤포켓몬,드래곤 타입,몸에 오라가 감돌고 있어서 날씨를 바꿀 수 있다. 신성한 포켓몬으로 여겨진다.
149,망나뇽,드래곤포켓몬,"드래곤, 비행 타입",16시간 만에 지구를 한 바퀴 돌 수 있다. 바다에서 조난당한 사람을 구해준다.
150,뮤츠,유전포켓몬,에스퍼 타입,뮤의 유전자를 재구성해서 만들어졌다. 싸우기 위해 태어난 흉폭한 포켓몬이다.
151,뮤,신종포켓몬,에스퍼 타입,모든 포켓몬의 유전자를 가지고 있다고 한다. 자유자재로 모습을 감출 수 있다.
152,치코리타,잎사귀포켓몬,풀 타입,머리의 잎사귀에서 은은하게 달콤한 향기가 배어 나온다. 얌전하고 볕 쬐기를 좋아한다.
153,베이리프,잎사귀포켓몬,풀 타입,목 주변에서 풍기는 스파이시한 향기를 맡으면 어째서인지 싸우고 싶은 기분이 든다.
154,메가니움,허브포켓몬,풀 타입,꽃향기는 기분을 가라앉히는 효과가 있다. 싸울 때는 향기를 발산하여 상대를 둔하게 만들어 버린다.
155,브이즈,불쥐포켓몬,불꽃 타입,겁이 많아서 항상 몸을 동그랗게 말고 있다. 덮치면 등에서 불꽃을 뿜어낸다.
156,마그케인,화산포켓몬,불꽃 타입,싸움이 벌어지면 등을 돌려 불꽃을 뿜어 올린다. 그 위력은 대단하다.
157,블레이범,화산포켓몬,불꽃 타입,타오르는 털을 비벼서 폭풍을 일으킨다. 폭풍은 닿는 모든 것을 불태운다.
158,리아코,큰턱포켓몬,물 타입,발달한 턱은 무엇이든 물고 늘어진다. 트레이너라도 방심하면 다치게 되니 주의해야 한다.
159,엘리게이,큰턱포켓몬,물 타입,한번 물면 이빨이 빠질 때까지 놓지 않는다. 이빨은 빠지면 바로 다시 자라난다.
160,장크로다일,큰턱포켓몬,물 타입,지상에서는 몸을 지탱하기 힘들기 때문에 네발로 기어 다닌다. 하지만 이동하는 속도는 매우 빠르다.
161,꼬리선,망보기포켓몬,노말 타입,신경이 예민한 성격이라 꼬리로 서서 주위를 살핀다. 위험을 감지하면 소리를 질러 동료에게 알린다.
162,다꼬리,긴몸통포켓몬,노말 타입,몸이 가늘고 길어서 깊고 좁은 굴속이나 틈새에도 쑥 들어갈 수 있다.
163,부우부,부엉이포켓몬,"노말, 비행 타입",체내에 지구 자전을 감지하는 기관이 있어서 매일 같은 시간이 되면 울기 시작한다.
164,야부엉,부엉이포켓몬,"노말, 비행 타입",두 눈은 특수한 구조로 되어 있어 뼛속까지 훤히 볼 수 있는 힘이 있다.
165,레디바,별다섯포켓몬,"벌레, 비행 타입",겁이 많아서 혼자 있으면 움직이지 않는다. 단체로 행동하면 활동적으로 변한다.
166,레디안,별다섯포켓몬,"벌레, 비행 타입",밤하늘의 별이 반짝이면 가루를 흩뿌리며 날아다닌다. 그 가루에 닿으면 좋은 일이 생긴다고 한다.
167,페이검,거미포켓몬,"벌레, 독 타입",실을 쳐서 둥지를 만들고 며칠이고 끈질기게 먹이가 걸리기를 계속 기다린다.
168,아리아도스,긴다리포켓몬,"벌레, 독 타입",엉덩이뿐만 아니라 입에서도 실을 뿜는다. 실로 상대를 묶어 꼼짝 못 하게 만든다.
169,크로뱃,박쥐포켓몬,"독, 비행 타입",뒷다리가 날개로 진화했다. 4개의 날개를 교대로 쉬게 하며 하루 종일 날아다닌다.
170,초라기,아귀포켓몬,"물, 전기 타입",2개의 촉수에서 플러스와 마이너스 전기가 흐른다. 맞닿으면 감전된다.
171,랜턴,라이트포켓몬,"물, 전기 타입",눈부신 빛을 발산해서 바다 깊은 곳을 비춘다. 심해의 별이라고 불린다.
172,피츄,아기쥐포켓몬,전기 타입,아직 전기를 다루는 게 서툴다. 잠시 눈을 뗀 사이에 방전해서 전기가 없어져 버리기도 한다.
173,삐,별포켓몬,페어리 타입,별똥별이 많은 밤에는 삐들이 둥글게 모여서 춤을 춘다.
174,푸푸린,풍선포켓몬,"노말, 페어리 타입",성대는 아직 발달하지 않았다. 노래를 계속 부르면 목이 아파지므로 가글을 해줘야 한다.
175,토게피,가시알포켓몬,페어리 타입,자고 있는 토게피를 잘 세워두면 행복이 찾아온다는 전설이 전해진다.
176,토게틱,행복포켓몬,"페어리, 비행 타입",상냥한 사람을 찾아 행복을 나누어 준다. 행복을 나누어 주면 기운이 넘친다.
177,네이티,아기새포켓몬,"에스퍼, 비행 타입",날개가 덜 자라서 날지 못한다. 눈이 마주친 상대를 뚫어지게 쳐다본다.
178,네이티오,정령포켓몬,"에스퍼, 비행 타입",미래를 내다보는 힘이 있다. 하루 종일 움직이지 않는 것은 미래의 끔찍한 광경을 보고 겁먹었기 때문이라고 한다.
179,메리프,솜털포켓몬,전기 타입,털은 마찰로 정전기가 쉽게 일어난다. 전기가 쌓이면 털이 2배로 부풀어 오른다.
180,보송송,솜털포켓몬,전기 타입,털의 성질이 변화해서 적은 양의 털로도 전기를 만들 수 있게 되었다.
181,전룡,라이트포켓몬,전기 타입,꼬리의 끝이 빛난다. 빛은 아주 멀리까지 닿아서 바다의 이정표가 되기도 한다.
182,아르코,꽃포켓몬,풀 타입,냄새꼬에서 진화했다. 예쁜 꽃을 피우지만 냄새꼬였을 때 흘리던 침이 더 좋다는 사람도 있다.
183,마릴,물쥐포켓몬,"물, 페어리 타입",꼬리 끝에는 물보다 가벼운 기름이 차 있어서 물에 빠지지 않고 뜰 수 있다.
184,마릴리,물토끼포켓몬,"물, 페어리 타입",긴 귀는 뛰어난 센서다. 물속에서 귀를 기울이면 강바닥에 있는 먹이의 움직임도 알 수 있다.
185,꼬지모,흉내내기포켓몬,바위 타입,나무인 척하고 있어서 물을 뿌리면 싫어한다. 들키지 않으려고 항상 발돋움을 하고 있다.
186,왕구리,개구리포켓몬,물 타입,머리의 꼬부라진 털은 왕의 증표다. 길고 아름답게 꼬부라져 있을수록 존경받는다.
187,통통코,솜풀포켓몬,"풀, 비행 타입",몸이 가벼워서 약한 바람에도 날아가 버린다. 닥트리오가 튀어나오는 바람에 날아가는 경우도 있다.
188,두코,솜풀포켓몬,"풀, 비행 타입",머리의 꽃은 기온에 따라 피거나 닫힌다. 꽃이 피면 향기가 떠다닌다.
189,솜솜코,솜풀포켓몬,"풀, 비행 타입",계절에 따라 부는 바람을 타고 꽃가루를 흩뿌리며 세상을 여행한다.
190,에이팜,긴꼬리포켓몬,노말 타입,꼬리를 자유자재로 움직여서 나무 위에서 생활한다. 꼬리를 쓰는 일이 많아져서 손재주가 없어졌다.
191,해너츠,씨앗포켓몬,풀 타입,갑자기 하늘에서 떨어져서 잎사귀 밑에 숨는다. 영양을 모아서 진화하려고 한다.
192,해루미,태양포켓몬,풀 타입,태양 에너지를 듬뿍 받으면 몸의 색이 선명해진다. 해가 지면 꽃잎을 닫고 잠을 잔다.
193,왕자리,얇은날개포켓몬,"벌레, 비행 타입",큰 눈으로 360도를 볼 수 있다. 급정지나 방향 전환을 자유롭게 하며 날아다닌다.
194,우파,수어포켓몬,"물, 땅 타입",차가운 물속에서 생활한다. 기온이 내려가면 진흙 속에 몸을 반쯤 묻고 잠을 잔다.
195,누오,수어포켓몬,"물, 땅 타입",둔감한 성격이라 배나 바위에 머리를 부딪쳐도 신경 쓰지 않고 헤엄친다.
196,에브이,태양포켓몬,에스퍼 타입,이브이에서 진화했다. 전신의 털은 벨벳 같은 감촉이다. 사이코 파워를 사용할 때 이마의 구슬이 빛난다.
197,블래키,달빛포켓몬,악 타입,이브이에서 진화했다. 달빛을 받으면 몸의 무늬가 희미하게 빛나며 신비한 힘이 깃든다.
198,니로우,어둠포켓몬,"악, 비행 타입",불길한 징조로 여겨져 미움받는다. 반짝이는 물건을 둥지에 모으는 습성이 있다.
199,야도킹,임금포켓몬,"물, 에스퍼 타입",머리에 물린 셀러의 독이 뇌에 퍼져서 천재적인 두뇌를 갖게 되었다.
200,무우마,야명포켓몬,고스트 타입,한밤중에 사람을 놀라게 하고 그 공포심을 빨아들여 에너지로 삼는다.
201,안농,상징포켓몬,에스퍼 타입,고대 문자와 닮은 포켓몬이다. 문자가 먼저인지 안농이 먼저인지 아직 수수께끼다.
202,마자용,참기포켓몬,에스퍼 타입,검은 꼬리를 필사적으로 숨긴다. 꼬리에 비밀이 있는 것이 틀림없다.
203,키링키,긴목포켓몬,"노말, 에스퍼 타입",꼬리에도 작은 뇌가 있다. 냄새에 민감해서 뒤에서 다가가도 금방 알아챈다.
204,피콘,도토리포켓몬,벌레 타입,나무에 매달려 꼼짝도 하지 않는다. 움직이면 폭발하므로 주의해야 한다.
205,쏘콘,쏘아보기포켓몬,"벌레, 강철 타입",강철 껍질로 몸을 지킨다. 눈에 띄지 않도록 나무에 매달려 있다.
206,노고치,땅뱀포켓몬,노말 타입,어두운 곳을 좋아해서 굴속에 산다. 드릴 같은 꼬리로 뒤로 구멍을 판다.
207,글라이거,날전갈포켓몬,"땅, 비행 타입",소리 없이 활공하여 먹이를 노린다. 양손의 가위와 꼬리의 독침을 사용한다.
208,강철톤,철뱀포켓몬,"강철, 땅 타입",땅속 깊은 곳에서 고압과 고열을 받아 몸이 금속으로 변했다.
209,블루,요정포켓몬,페어리 타입,무서운 얼굴이지만 마음은 상냥하다. 겁이 많아서 여성에게 인기가 많다.
210,그랑블루,요정포켓몬,페어리 타입,턱이 발달해서 무거워 보인다. 도둑이 들면 짖어서 쫓아낸다.
211,침바루,풍선포켓몬,"물, 독 타입",독침을 쏘아서 공격한다. 10m 떨어진 곳에서도 정확하게 맞힌다.
212,핫삼,집게포켓몬,"벌레, 강철 타입",강철이 함유된 껍질은 어지간한 공격에는 흠집도 나지 않는다.
213,단단지,발효포켓몬,"벌레, 바위 타입",껍질 안에 나무 열매를 모아둔다. 체액과 섞여서 맛있는 주스가 된다.
214,헤라크로스,외뿔포켓몬,"벌레, 격투 타입",자랑하는 뿔을 적의 배 밑에 넣어서 단숨에 들어 올려 던져버린다.
215,포푸니,갈고리손톱포켓몬,"악, 얼음 타입",날카로운 손톱을 상대에게 꽂는다. 상처가 곪게 만드는 독을 가지고 있다.
216,깜지곰,아기곰포켓몬,노말 타입,꿀을 발견하면 앞발에 묻혀서 핥는다. 여기저기 꿀이 묻어 있어서 냄새가 난다.
217,링곰,동면포켓몬,노말 타입,나무를 흔들어서 열매를 떨어뜨려 먹는다. 겨울이 오기 전에 많이 먹어서 지방을 비축한다.
218,마그마그,용암포켓몬,불꽃 타입,몸이 식으면 굳어서 부서져 버린다. 그래서 잠도 자지 않고 계속 움직인다.
219,마그카르고,용암포켓몬,"불꽃, 바위 타입",등껍질은 피부가 식어서 굳은 것이다. 만지면 부서지기 쉬우니 주의해야 한다.
220,꾸꾸리,산돼지포켓몬,"얼음, 땅 타입",냄새를 잘 맡는다. 마른 풀 밑에 묻혀 있는 버섯을 찾아낸다.
221,메꾸리,산돼지포켓몬,"얼음, 땅 타입",긴 털이 눈과 추위를 막아준다. 얼음에 묻혀 있던 것이 발견되기도 했다.
222,코산호,산호포켓몬,"물, 바위 타입",머리의 가지는 자라면서 떨어진다. 깨끗한 바다에 사는 코산호일수록 색이 곱다.
223,총어,분사포켓몬,물 타입,입에서 물을 뿜어서 먹이를 맞혀 잡는다. 100m 앞의 먹이도 맞힐 수 있다.
224,대포무노,분사포켓몬,물 타입,바위 구멍에 들어가서 잠을 잔다. 빨판으로 바위에 딱 달라붙으면 떨어지지 않는다.
225,딜리버드,배달포켓몬,"얼음, 비행 타입",꼬리에 먹이를 싸서 다닌다. 조난당한 사람에게 먹이를 나눠주기도 한다.
226,만타인,연포켓몬,"물, 비행 타입",넓은 날개를 펼쳐서 유유히 헤엄친다. 총어가 붙어 있어도 신경 쓰지 않는다.
227,무장조,갑옷새포켓몬,"강철, 비행 타입",온몸이 강철 갑옷으로 덮여 있다. 시속 300km로 날 수 있다.
228,델빌,다크포켓몬,"악, 불꽃 타입",동료와 짖는 소리로 연락을 취하며 사냥감을 쫓아 몰아넣는다.
229,헬가,다크포켓몬,"악, 불꽃 타입",헬가가 뿜는 불꽃에 화상을 입으면 며칠이 지나도 통증이 가라앉지 않는다.
230,킹드라,드래곤포켓몬,"물, 드래곤 타입",평소에는 해저 동굴에 숨어 있다. 하품을 하면 소용돌이가 생긴다.
231,코코리,긴코포켓몬,땅 타입,긴 코를 손처럼 사용한다. 물가에서 코로 물을 뿜으며 논다.
232,코리갑,갑옷포켓몬,땅 타입,몸을 둥글게 말고 고속으로 회전해서 몸통박치기를 한다. 집도 날려 버릴 정도다.
233,폴리곤2,가상포켓몬,노말 타입,인공적으로 만들어진 포켓몬이다. 새로운 기술을 익히기 위해 프로그램이 업데이트되었다.
234,노라키,큰뿔포켓몬,노말 타입,뿔의 곡선이 주변의 공기 흐름을 바꿔서 공간이 일그러진 것처럼 보이게 한다.
235,루브도,화가포켓몬,노말 타입,꼬리 끝에서 나오는 액체로 여기저기 마크를 그린다. 마크가 그려진 곳은 영역이다.
236,배루키,쌈박질포켓몬,격투 타입,언제나 기운이 넘친다. 강해지기 위해 지든 이기든 계속 싸움을 건다.
237,카포에라,박치기포켓몬,격투 타입,회전하며 내지르는 킥은 파괴력이 뛰어나다. 공격과 수비를 동시에 할 수 있다.
238,뽀뽀라,키스포켓몬,"얼음, 에스퍼 타입",입술이 가장 민감하다. 처음 보는 물건은 일단 입술을 대서 확인한다.
239,에레키드,전기포켓몬,전기 타입,팔을 빙글빙글 돌려서 전기를 만든다. 뿔 사이에서 푸른 불꽃이 튀면 전기가 찼다는 신호다.
240,마그비,불씨포켓몬,불꽃 타입,체온은 600도다. 입에서 불꽃을 뿜으며 숨을 쉰다.
241,밀탱크,젖소포켓몬,노말 타입,영양이 풍부한 우유를 짠다. 아이나 노인이 마시면 금방 건강해진다.
242,해피너스,행복포켓몬,노말 타입,행복이 가득 든 알을 낳는다. 그 알을 먹으면 누구에게나 상냥해진다고 한다.
243,라이코,우레포켓몬,전기 타입,비구름을 등에 지고 있으므로 언제든지 번개를 칠 수 있다.
244,앤테이,화산포켓몬,불꽃 타입,화산의 분화를 짖는 소리로 억누르고 있다. 짖으면 어딘가의 화산이 분화한다고 한다.
245,스이쿤,오로라포켓몬,물 타입,맑은 물이 흐르는 곳에 나타난다. 더러워진 물을 깨끗하게 만드는 힘이 있다.
246,애버라스,바위피부포켓몬,"바위, 땅 타입",흙을 먹으며 산다. 큰 산 하나를 다 먹어야 성장을 멈추고 잠이 든다.
247,데기라스,번데기포켓몬,"바위, 땅 타입",몸 안에서 만들어진 가스를 압축해서 제트기처럼 분사해 날아다닌다.
248,마기라스,갑옷포켓몬,"바위, 악 타입",한 손으로 산을 부수고 강을 메울 정도로 힘이 세다. 지도를 다시 그려야 할 정도다.
249,루기아,잠수포켓몬,"에스퍼, 비행 타입",거친 바다를 진정시키는 힘을 가졌다. 폭풍우가 치면 모습을 드러낸다고 한다.
250,칠색조,무지개포켓몬,"불꽃, 비행 타입",칠색조를 본 사람은 영원한 행복을 약속받는다고 전해진다.
251,세레비,시공이동포켓몬,"에스퍼, 풀 타입",시간을 넘어 여기저기 방황한다. 세레비가 모습을 나타낸 숲은 초목이 무성해진다고 한다.
252,나무지기,숲도마뱀포켓몬,풀 타입,발바닥의 작은 가시가 벽이나 천장에 걸려 거꾸로 매달려도 떨어지지 않는다.
253,나무돌이,숲도마뱀포켓몬,풀 타입,나뭇가지에서 나뭇가지로 날아다니며 숲속을 이동한다. 그 속도는 누구에게도 지지 않는다.
254,나무킹,밀림포켓몬,풀 타입,등에 있는 씨앗에는 나무를 쑥쑥 자라게 하는 영양분이 잔뜩 들어 있다.
255,아차모,병아리포켓몬,불꽃 타입,뱃속에 불꽃이 타오르고 있어 껴안으면 따뜻하다. 애교가 많은 성격이다.
256,영치코,영계포켓몬,"불꽃, 격투 타입",1초에 10발의 킥을 날리는 발 기술의 명수다. 날카로운 울음소리로 위협한다.
257,번치코,맹화포켓몬,"불꽃, 격투 타입",강적을 만나면 손목에서 불꽃을 뿜어낸다. 다리의 힘이 매우 강하다.
258,물짱이.늪물고기포켓몬,물 타입,머리의 지느러미로 물의 흐름을 감지한다,작은 몸이지만 힘이 장사다.
259,늪짱이,늪물고기포켓몬,"물, 땅 타입",허리가 다리보다 발달해 있다. 두 발로 서서 걷는 것보다 네 발로 헤엄치는 것이 더 빠르다.
260,대짱이,늪물고기포켓몬,"물, 땅 타입",대형선을 끌고 헤엄칠 정도의 파워를 가졌다. 지진을 감지하는 능력이 있다.
261,포치에나,물어뜯기포켓몬,악 타입,움직이는 것을 보면 바로 물어뜯는다. 먹이가 지쳐서 움직이지 못하게 될 때까지 쫓아다닌다.
262,그라에나,물어뜯기포켓몬,악 타입,그룹으로 행동하며 절대로 명령을 어기지 않는다. 우수한 트레이너의 명령은 절대복종한다.
263,지그제구리,앙증구리포켓몬,노말 타입,호기심이 왕성해서 무엇에든 흥미를 보인다. 지그재그로 걸어 다니는 습성이 있다.
264,직구리,돌진포켓몬,노말 타입,시속 100km로 질주하지만 급커브는 돌지 못한다. 똑바로밖에 달리지 못해서 고생이 많다.
265,개무소,엉덩이포켓몬,벌레 타입,나뭇가지의 잎을 매우 좋아해서 다 먹어치운다. 입에서 실을 뿜어 몸을 고정한다.
266,실쿤,번데기포켓몬,벌레 타입,실을 나뭇가지에 감고 움직이지 않는다. 진화를 위해 가만히 에너지를 모으고 있다.
267,뷰티플라이,나비포켓몬,"벌레, 비행 타입",화려한 꽃을 좋아해서 꽃밭에 모인다. 꿀을 빨아먹기 위해 빨대 같은 입을 뻗는다.
268,카스쿤,번데기포켓몬,"벌레, 독 타입",얇은 실이 몸을 감싸고 있다. 실에 붙은 독으로 적으로부터 몸을 지킨다.
269,독케일,독나방포켓몬,"벌레, 독 타입",날개로 맹독 가루를 흩뿌린다. 밤이 되면 가로등 불빛에 이끌려 모여든다.
270,연꽃몬,수초포켓몬,"물, 풀 타입",연잎을 닮아서 물에 떠 있으면 모른다. 깨끗한 물을 찾아 이동한다.
271,로토스,명랑포켓몬,"물, 풀 타입",해질녘에 활동하는 야행성이다. 낚시꾼을 발견하면 물속에서 장난을 친다.
272,로파파,댄스포켓몬,"물, 풀 타입",경쾌한 리듬을 들으면 춤추지 않고는 배기지 못한다. 춤추면 파워가 넘친다.
273,도토링,도토리포켓몬,풀 타입,나뭇가지에 매달려 수분을 섭취한다. 물을 마시면 몸이 윤기 나게 변한다.
274,잎새코,꾀부리기포켓몬,"풀, 악 타입",깊은 숲속의 큰 나무에 산다. 잎사귀 피리를 불어 불안하게 만든다.
275,다탱구,사악포켓몬,"풀, 악 타입",부채를 부치면 겨울바람이 불어온다. 숲을 어지럽히는 자는 쫓아내 버린다.
276,테일로,아기제비포켓몬,"노말, 비행 타입",숲이나 들판에 많이 서식한다. 배가 고프면 큰 소리로 운다.
277,스왈로,제비포켓몬,"노말, 비행 타입",먹이를 찾으면 급강하해서 발톱으로 낚아챈다. 비행 실력은 최고다.
278,갈모매,갈매기포켓몬,"물, 비행 타입",바닷가 절벽에 둥지를 튼다. 상승 기류를 타고 하늘을 날아다닌다.
279,패리퍼,물새포켓몬,"물, 비행 타입",큰 부리에 작은 포켓몬이나 알을 넣어서 운반한다. 바다 위를 쉬지 않고 난다.
280,랄토스,느낌포켓몬,"에스퍼, 페어리 타입",사람이나 포켓몬의 감정을 감지한다. 적의 적의를 느끼면 숨어버린다.
281,킬리아,감정포켓몬,"에스퍼, 페어리 타입",트레이너의 기분이 좋으면 함께 춤을 춘다. 미래를 예지하는 힘이 있다.
282,가디안,포용포켓몬,"에스퍼, 페어리 타입",트레이너를 지키기 위해서라면 사이코 파워를 모두 사용하여 공간을 비틀어 소형 블랙홀을 만든다.
283,비구술,소금쟁이포켓몬,"벌레, 물 타입",머리의 끝에서 달콤한 향기가 나는 액체가 나온다. 싫어하는 새 포켓몬을 쫓아낸다.
284,비나방,나방포켓몬,"벌레, 비행 타입",4장의 날개로 헬리콥터처럼 공중에 멈출 수 있다. 비가 오는 날을 좋아한다.
285,버섯꼬,버섯포켓몬,풀 타입,습한 곳을 좋아한다. 위험을 느끼면 머리의 포자에서 독가루를 뿜는다.
286,버섯모,버섯포켓몬,"풀, 격투 타입",가벼운 풋워크로 적에게 다가가 펀치를 날린다. 펀치에는 눈에 보이지 않는 포자가 실려 있다.
287,게을로,게으름뱅이포켓몬,노말 타입,하루 종일 누워서 뒹굴거린다. 잎사귀 3장만 먹으면 하루 식사는 끝이다.
288,발바로,사나운원숭이포켓몬,노말 타입,몸을 크게 보여서 상대를 위협한다. 흥분하면 가슴을 두드린다.
289,게을킹,게으름뱅이포켓몬,노말 타입,하루 종일 빈둥거리고 있다. 하지만 진심을 내면 엄청난 파워를 발휘한다.
290,토중몬,신참포켓몬,"벌레, 땅 타입",땅속에서 나무 뿌리의 영양분을 빨아먹는다. 거의 땅 위로 나오지 않는다.
291,아이스크,닌자포켓몬,"벌레, 비행 타입",너무 빨라서 모습이 보이지 않는다. 울음소리만 들려서 유령으로 오해받기도 한다.
292,껍질몬,허물포켓몬,"벌레, 고스트 타입",토중몬이 진화할 때 벗은 허물에 영혼이 깃들었다. 등 뒤의 구멍을 들여다보면 영혼을 빼앗긴다.
293,소곤룡,속삭임포켓몬,노말 타입,평소에는 작은 목소리로 속삭이지만 위험을 느끼면 고막이 찢어질 듯한 큰 소리로 운다.
294,노공룡,큰목소리포켓몬,노말 타입,둥근 귀는 스피커 역할을 한다. 큰 소리를 내서 상대를 날려 버린다.
295,폭음룡,소음포켓몬,노말 타입,전신의 구멍에서 피리 소리 같은 소리를 낸다. 울음소리는 지진을 일으킬 정도다.
296,마크탕,근성포켓몬,격투 타입,아무리 쓰러져도 오뚝이처럼 일어난다. 일어날 때마다 근성이 생긴다.
297,하리뭉,손바닥치기포켓몬,격투 타입,덤프트럭이 부딪쳐도 꿈쩍하지 않는 몸을 가졌다. 손바닥 치기로 전신주를 두 동강 낸다.
298,루리리,물방울포켓몬,"노말, 페어리 타입",꼬리에는 영양이 듬뿍 들어 있다. 꼬리를 튕겨서 놀기도 한다.
299,코코파스,콤파스포켓몬,바위 타입,코가 자석으로 되어 있어 항상 북쪽을 가리킨다. 자력을 사용해 사냥감을 잡는다.
300,에나비,새침떼기포켓몬,노말 타입,꼬리를 쫓아 빙글빙글 돈다. 어지러워지면 그대로 쓰러져 잠들어 버린다.
301,델케티,정숙포켓몬,노말 타입,털의 결이 매우 곱다. 자유로이 사는 것을 좋아해서 둥지를 만들지 않는다.
302,깜까미,어둠포켓몬,"악, 고스트 타입",보석을 먹는 습성이 있다. 어두운 동굴에서 눈이 보석처럼 빛난다.
303,입치트,기만포켓몬,"강철, 페어리 타입",귀여운 얼굴로 방심하게 만든 뒤 거대한 턱으로 물어뜯는다. 한번 물면 절대로 놓지 않는다.
304,가보리,철갑옷포켓몬,"강철, 바위 타입",산의 흙을 파서 철광석을 찾아 먹는다. 강철 몸을 부딪쳐서 공격한다.
305,갱도라,철갑옷포켓몬,"강철, 바위 타입",산 하나를 엉망으로 만들 정도로 철광석을 먹어치운다. 영역 다툼이 치열하다.
306,보스로라,철갑옷포켓몬,"강철, 바위 타입",산 하나를 자신의 영역으로 삼는다. 상처 입은 산에 흙을 덮어 주고 나무를 심어 준다.
307,요가랑,명상포켓몬,"격투, 에스퍼 타입",하루에 한 개 나무 열매를 먹는다. 단식으로 정신을 통일시킨다.
308,요가램,명상포켓몬,"격투, 에스퍼 타입",요가 수행으로 제6감이 발달했다. 상대의 움직임을 미리 읽고 피한다.
309,썬더라이,천둥번개포켓몬,전기 타입,달리는 모습이 번개처럼 보인다. 스피드가 매우 빨라서 눈으로 쫓을 수 없다.
310,썬더볼트,방전포켓몬,전기 타입,근육이 발달하여 순발력이 뛰어나다. 갈기를 곤두세워 전기를 흩뿌린다.
311,플러시,응원포켓몬,전기 타입,동료를 응원할 때 전신에서 스파크를 낸다. 동료가 지면 큰 소리로 운다.
312,마이농,응원포켓몬,전기 타입,동료를 응원하는 것을 좋아한다. 동료가 이기려 하면 몸에서 전기가 튀어 오른다.
313,볼비트,반딧불이포켓몬,벌레 타입,꼬리의 빛으로 동료와 신호를 주고받는다. 네오비트의 달콤한 향기를 좋아한다.
314,네오비트,반딧불이포켓몬,벌레 타입,밤이 되면 꼬리의 빛을 깜빡이며 볼비트를 유도하여 무늬를 그린다.
315,로젤리아,가시포켓몬,"풀, 독 타입",양손의 꽃은 독을 가지고 있다. 아름다운 향기로 적을 방심하게 만든다.
316,꼴깍몬,위장포켓몬,독 타입,몸의 대부분이 위장이다. 심장과 뇌는 매우 작다. 무엇이든 소화시킨다.
317,꿀꺽몬,독주머니포켓몬,독 타입,털이 하나도 없다. 무엇이든 한입에 삼켜버린다. 소화액은 동전도 녹인다.
318,샤프니아,사나운포켓몬,"물, 악 타입",바다의 갱이라 불린다. 튼튼한 턱으로 배의 밑바닥을 물어뜯어 침몰시킨다.
319,샤크니아,사나운포켓몬,"물, 악 타입",시속 120km로 헤엄친다. 이빨은 빠져도 바로 다시 자라난다.
320,고래왕자,공고래포켓몬,물 타입,하루에 1톤의 먹이를 먹는다. 바닷물을 머금고 육지로 올라와 놀기도 한다.
321,고래왕,뜨기포켓몬,물 타입,세상에서 가장 큰 포켓몬이다. 숨을 들이마시면 바다 위로 떠오른다.
322,둔타,둔감포켓몬,"불꽃, 땅 타입",둔감해서 맞아도 5초 후에 아픔을 느낀다. 등의 혹에는 마그마가 들어 있다.
323,폭타,분화포켓몬,"불꽃, 땅 타입",등에 있는 화산은 10년마다 대분화를 일으킨다. 화가 나도 분화한다.
324,코터스,석탄포켓몬,불꽃 타입,등껍질 안에서 석탄을 태워 에너지를 만든다. 콧구멍과 등에서 연기를 뿜는다.
325,피그점프,튀기포켓몬,에스퍼 타입,꼬리로 뛰어오르지 않으면 심장이 멈춰 버린다. 머리의 진주로 사이코 파워를 증폭시킨다.
326,피그킹,조작포켓몬,에스퍼 타입,검은 진주가 사이코 파워를 높여준다. 스텝을 밟으며 이상한 춤을 춘다.
327,얼루기,얼룩토끼포켓몬,노말 타입,비틀거리는 걸음걸이로 상대의 조준을 빗나가게 한다. 얼룩무늬는 모두 다르다.
328,톱치,개미지옥포켓몬,땅 타입,개미지옥을 파고 먹이가 떨어지기를 기다린다. 턱의 힘이 세서 바위도 부순다.
329,비브라바,진동포켓몬,"땅, 드래곤 타입",날개를 격렬하게 진동시켜 초음파를 낸다. 먹이를 기절시켜 모래 속에 묻어둔다.
330,플라이곤,정령포켓몬,"땅, 드래곤 타입",날갯짓 소리가 노랫소리처럼 들린다. 사막의 정령이라 불린다.
331,선인왕,선인장포켓몬,풀 타입,사막에 산다. 밤이 되면 활동을 시작하여 사막의 여행자 뒤를 쫓아간다.
332,밤선인,허수아비포켓몬,"풀, 악 타입",사막의 열기에 지쳐 움직일 수 없게 된 먹이를 잡는다. 밤이 되면 사냥을 시작한다.
333,파비코,솜새포켓몬,"노말, 비행 타입",솜 같은 날개는 푹신푹신하다. 위험해지면 날개 속에 숨는다.
334,파비코리,하밍포켓몬,"드래곤, 비행 타입",아름다운 소프라노로 노래한다. 마음이 통하는 사람을 부드러운 날개로 감싸준다.
335,쟝고,고양이족제비포켓몬,노말 타입,세비퍼와는 숙적이다. 날카로운 발톱으로 세비퍼의 공격을 막아낸다.
336,세비퍼,송곳니뱀포켓몬,독 타입,꼬리의 칼날은 독이 배어 있다. 쟝고와 만나면 꼬리를 흔들어 위협한다.
337,루나톤,운석포켓몬,"바위, 에스퍼 타입",달이 찰 때 활발해진다. 붉은 눈을 보면 공포에 질려 꼼짝 못 하게 된다.
338,솔록,운석포켓몬,"바위, 에스퍼 타입",태양 에너지가 파워의 원천이다. 낮에는 태양 빛을 받으며 가만히 있다.
339,미꾸리,수염물고기포켓몬,"물, 땅 타입",몸이 미끌미끌한 점액으로 덮여 있어 적으로부터 잡히지 않고 도망칠 수 있다.
340,메깅,큰수염포켓몬,"물, 땅 타입",영역 의식이 강하다. 늪에 가까이 오는 자는 지진을 일으켜 쫓아낸다.
341,가재군,건달포켓몬,물 타입,생명력이 강해서 더러운 물에서도 살 수 있다. 성격이 난폭해서 다른 포켓몬이 살지 않게 된다.
342,가재장군,건달포켓몬,"물, 악 타입",집게로 닥치는 대로 집어 던진다. 너무 난폭해서 아무도 가까이 가지 않는다.
343,오뚝군,야지만두포켓몬,"땅, 에스퍼 타입",고대 유적에서 발견되었다. 한 발로 회전하며 이동한다.
344,점토도리,토우포켓몬,"땅, 에스퍼 타입",고대인의 흙인형에 괴광선이 비추어 태어났다. 양팔을 띄워서 초능력을 쓴다.
345,릴링,바다나리포켓몬,"바위, 풀 타입",멸종한 고대 포켓몬이다. 촉수를 해초처럼 흔들어 먹이를 유인한다.
346,릴리요,바구니포켓몬,"바위, 풀 타입",해저의 바위에 몸을 고정하고 먹이가 가까이 오기를 기다린다.
347,아노딥스,옛새우포켓몬,"바위, 벌레 타입",8개의 다리로 바다를 헤엄쳤다. 고대의 바다에 살았던 포켓몬이다.
348,아말도,갑주포켓몬,"바위, 벌레 타입",단단한 껍질로 몸을 지킨다. 거대한 2개의 발톱으로 먹이를 찌른다.
349,빈티나,물고기포켓몬,물 타입,가장 초라한 포켓몬이라 불린다. 생명력이 끈질겨서 웅덩이 같은 곳에서도 산다.
350,밀로틱,겹치기포켓몬,물 타입,세상에서 가장 아름다운 포켓몬이라고 한다. 싸움을 좋아하지 않는 얌전한 성격이다.
351,캐스퐁,날씨포켓몬,노말 타입,날씨에 따라 모습이 변한다. 자연의 힘을 이용하여 자신을 지킨다.
352,켈리몬,색변화포켓몬,노말 타입,몸의 색을 주변 풍경과 똑같이 바꿀 수 있다. 배의 빨간 무늬는 사라지지 않는다.
353,어둠대신,인형포켓몬,고스트 타입,버려진 인형에 원념이 깃들어 포켓몬이 되었다. 자신을 버린 아이를 찾고 있다.
354,다크펫,인형포켓몬,고스트 타입,원한의 에너지가 몸을 움직인다. 입의 지퍼를 열면 원한이 빠져나가 인형으로 돌아간다.
355,해골몽,유령포켓몬,고스트 타입,밤늦게까지 놀고 있는 나쁜 아이를 데려가 버린다고 전해진다.
356,미라몽,손짓포켓몬,고스트 타입,몸안은 텅 비어 있다. 블랙홀처럼 무엇이든 빨아들인다.
357,트로피우스,프루트포켓몬,"풀, 비행 타입",목에 맛있는 과일이 열린다. 과일을 먹으러 오는 아이들을 아주 좋아한다.
358,치렁,풍경포켓몬,에스퍼 타입,긴 꼬리로 상대를 감싼다. 바람을 타고 둥둥 떠다니며 맑은 소리로 운다.
359,앱솔,재앙포켓몬,악 타입,재앙이 일어날 때 사람 앞에 나타나서 재앙 포켓몬이라 불리지만 사실은 재앙을 알리러 오는 것이다.
360,마자,명랑포켓몬,에스퍼 타입,항상 싱글벙글 웃고 있다. 화난 얼굴은 아무도 본 적이 없다고 한다.
361,눈꼬마,눈모자포켓몬,얼음 타입,눈이 내리는 곳에서만 산다. 더운 곳에 가면 몸이 녹아서 작아진다.
362,얼음귀신,얼굴포켓몬,얼음 타입,공기 중의 수분을 얼려서 몸을 지킨다. 먹이를 얼려서 통째로 씹어 먹는다.
363,대굴레오,손뼉치기포켓몬,"얼음, 물 타입",걷는 것보다 구르는 게 빠르다. 식사 시간엔 모두 모여 손뼉을 친다.
364,씨레오,구르기포켓몬,"얼음, 물 타입",코로 공을 다루며 논다. 냄새를 잘 맡아서 먹이를 금방 찾는다.
365,씨카이저,얼음깨기포켓몬,"얼음, 물 타입",튼튼한 송곳니로 유빙을 부순다. 두꺼운 지방이 추위를 막아준다.
366,진주몽,두조개포켓몬,물 타입,껍질은 매우 단단하다. 진화할 때 1개의 진주를 만든다.
367,헌테일,심해포켓몬,물 타입,심해에 산다. 꼬리의 끝을 작은 물고기처럼 움직여서 먹이를 유인한다.
368,분홍장이,긴남생이포켓몬,물 타입,심해의 수압에도 견딜 수 있는 튼튼한 몸을 가졌다. 눈은 퇴화했다.
369,시라칸,장수포켓몬,"물, 바위 타입",1억 년 동안 모습이 변하지 않았다. 깊은 바다의 밑바닥을 걷듯이 헤엄친다.
370,사랑동이,랑데부포켓몬,물 타입,하트 모양의 몸을 가졌다. 커플이 발견하면 영원한 사랑이 이루어진다고 한다.
371,아공이,돌머리포켓몬,드래곤 타입,하늘을 나는 꿈을 꾸며 절벽에서 뛰어내린다. 머리가 단단해졌다.
372,쉘곤,인내포켓몬,드래곤 타입,껍질 안에서 세포가 변화하고 있다. 껍질이 무거워서 움직임이 둔하다.
373,보만다,드래곤포켓몬,"드래곤, 비행 타입",날고 싶다는 강한 소망이 세포를 변화시켜 날개가 돋아났다.
374,메탕,철공포켓몬,"강철, 에스퍼 타입",자력을 발생시켜 공중에 뜬다. 잘 때는 절벽에 엉덩이를 박고 잔다.
375,메탕구,철발톱포켓몬,"강철, 에스퍼 타입",2마리의 메탕이 합체했다. 자력으로 공중에 떠서 시속 100km로 이동한다.
376,메타그로스,무쇠다리포켓몬,"강철, 에스퍼 타입",4개의 뇌가 연결되어 슈퍼컴퓨터보다 뛰어난 계산 능력을 가졌다.
377,레지락,바위산포켓몬,바위 타입,전신이 바위로 되어 있다. 전투 중에 몸이 부서지면 바위를 붙여서 치료한다.
378,레지아이스,빙산포켓몬,얼음 타입,빙하기의 얼음으로 몸이 만들어졌다. 마그마에도 녹지 않는다.
379,레지스틸,쇠철포켓몬,강철 타입,몸은 어떤 금속보다도 단단하다. 몸의 내부는 텅 비어 있다고 한다.
380,라티아스,무한포켓몬,"드래곤, 에스퍼 타입",사람의 마음을 이해한다. 빛을 굴절시켜 모습을 바꿀 수 있다.
381,라티오스,무한포켓몬,"드래곤, 에스퍼 타입",높은 지능을 가졌다. 팔을 접으면 제트기보다 빨리 날 수 있다.
382,가이오가,해저포켓몬,물 타입,비를 내리게 하여 바다를 넓혔다고 전해진다. 신화에 등장하는 포켓몬이다.
383,그라돈,대륙포켓몬,땅 타입,빛과 열로 물을 증발시켜 대지를 넓혔다고 전해진다. 마그마 속에서 잠을 잔다.
384,레쿠쟈,천공포켓몬,"드래곤, 비행 타입",수억 년 동안 오존층 안에서 계속 날아다니고 있어 아무도 본 적이 없었다.
385,지라치,희망사항포켓몬,"강철, 에스퍼 타입",깨어났을 때 이마의 제3의 눈에 있는 종이에 소원을 적으면 이루어준다고 한다.
386,테오키스,DNA포켓몬,에스퍼 타입,우주 바이러스의 DNA가 변이를 일으켜 태어난 포켓몬. 가슴의 수정체가 뇌다.
387,모부기,어린잎포켓몬,풀 타입,흙으로 만들어진 등껍질은 물을 마시면 더욱 단단해진다. 호수 근처에서 산다.
388,수풀부기,숲풀포켓몬,풀 타입,숲속의 샘물을 마신다. 숲속에서 동료들과 함께 보낸다.
389,토대부기,대륙포켓몬,"풀, 땅 타입",등에서 작은 포켓몬들이 모여와 둥지를 짓는다. 이동하는 숲이라고 불린다.
390,불꽃숭이,꼬마원숭이포켓몬,불꽃 타입,낭떠러지를 몸놀림 가볍게 기어올라 바위 산 위에서 생활한다. 잘 때는 불을 끈다.
391,파이숭이,개구쟁이포켓몬,"불꽃, 격투 타입",천장의 벽 등을 이용해서 공중제비를 하며 불꽃 펀치를 날린다.
392,초염몽,화염포켓몬,"불꽃, 격투 타입",스피드로 상대를 농락한다. 양팔다리를 이용한 특수한 격투 기술을 쓴다.
393,팽도리,펭귄포켓몬,물 타입,자존심이 세서 사람에게 음식을 받아먹는 것을 싫어한다. 굵은 솜털이 추위를 막아준다.
394,팽태자,펭귄포켓몬,물 타입,동료를 만드는 것을 싫어해서 한 마리가 행동하는 일이 많다. 날개의 일격은 거목을 꺾는다.
395,엠페르트,황제포켓몬,"물, 강철 타입",부리에 뻗은 3개의 뿔은 강함의 상징이다. 리더의 뿔이 가장 크다.
396,찌르꼬,찌르레기포켓몬,"노말, 비행 타입",무리를 지어 행동한다. 혼자가 되면 눈에 띄지 않으려고 잎사귀 밑에 숨는다.
397,찌르버드,찌르레기포켓몬,"노말, 비행 타입",자신의 영역을 매우 중요하게 여겨서 침범하는 녀석에게는 맹렬하게 쪼아대며 덤벼든다.
398,찌르호크,맹금포켓몬,"노말, 비행 타입",사나운 성격이다. 자신의 몸보다 훨씬 큰 적에게도 과감하게 싸움을 건다.
399,비버니,쥐포켓몬,노말 타입,앞니로 나무를 갉아 둥지를 만든다. 물가에 보금자리를 만들어 산다.
400,비버통,비버포켓몬,"노말, 물 타입",강을 댐으로 막아서 집을 짓는 것으로 유명하다. 열심히 일하는 포켓몬이다.
401,귀뚤뚜기,귀뚜라미포켓몬,벌레 타입,다리가 짧아서 넘어지기도 한다. 딱딱한 더듬이를 비벼서 소리를 낸다.
402,귀뚤톡크,귀뚜라미포켓몬,벌레 타입,울음소리로 감정을 표현한다. 멜로디의 법칙을 학자들은 연구하고 있다.
403,꼬링크,섬광포켓몬,전기 타입,위험을 느끼면 전신의 털이 빛난다. 상대가 눈이 부셔하는 틈에 도망간다.
404,럭시오,전광포켓몬,전기 타입,꼬리에서 강렬한 전기를 내보낸다. 예리한 발톱을 가지고 있다.
405,렌트라,안광포켓몬,전기 타입,투시 능력이 있다. 벽 건너편에 숨은 사냥감을 발견해서 잡는다.
406,꼬몽울,봉오리포켓몬,"풀, 독 타입",겨울에는 봉오리를 닫고 추위를 견딘다. 봄이 되면 봉오리를 열고 꽃가루를 뿌린다.
407,로즈레이드,부케포켓몬,"풀, 독 타입",달콤한 향기로 먹이를 유인해서 양손의 꽃다발 속에 있는 가시 채찍으로 쳐서 쓰러뜨린다.
408,두개도스,박치기포켓몬,바위 타입,1억 년 전의 정글에서 살았다. 머리가 철처럼 단단하다.
409,램펄드,박치기포켓몬,바위 타입,두꺼운 두개골은 30cm나 된다. 박치기로 거목을 꺾어버린다.
410,방패톱스,실드포켓몬,"바위, 강철 타입",얼굴의 피부가 매우 단단하다. 나무의 줄기를 갉아 먹는 습성이 있다.
411,바리톱스,실드포켓몬,"바위, 강철 타입",얼굴의 뼈가 단단해서 어떤 공격도 튕겨낸다. 고대 숲에서 살았다.
412,도롱충이.蓑누에포켓몬,벌레 타입,나뭇가지나 낙엽 등을 몸에 휘감아 추위를 막는다,장소에 따라 재료가 바뀐다.
413,도롱마담.蓑누에포켓몬,"벌레, 풀 타입",도롱충이 암컷이 진화한 모습,감싸고 있는 재료가 몸의 일부가 되었다.
414,나메일,나방포켓몬,"벌레, 비행 타입",도롱충이 수컷이 진화한 모습. 꿀을 사랑해서 꽃을 찾아 날아다닌다.
415,세꿀버리,벌집포켓몬,"벌레, 비행 타입",모으고 있는 꿀은 매우 달콤하다. 잘 때도 둥지인 비퀸을 위해 꿀을 모은다.
416,비퀸,벌집포켓몬,"벌레, 비행 타입",몸통이 새끼들의 둥지다. 세꿀버리가 모은 꿀로 새끼들을 키운다.
417,파치리스,전기다람쥐포켓몬,전기 타입,뺨의 전기 주머니에서 전기를 만들어 꼬리에서 쏜다. 나무 위에서 생활한다.
418,브이젤,바다족제비포켓몬,물 타입,목의 부낭을 부풀려서 물에 뜬다. 헤엄칠 때는 꼬리를 스크류처럼 돌린다.
419,플로젤,바다족제비포켓몬,물 타입,부낭이 발달해서 사람을 태울 수도 있다. 구조 활동에 활약하기도 한다.
420,체리버,버찌포켓몬,풀 타입,영양이 듬뿍 담긴 작은 구슬은 달고 맛있다. 새 포켓몬이 쪼아 먹으려 한다.
421,체리꼬,벚꽃포켓몬,풀 타입,햇살이 강해지면 꽃잎을 펼치고 활발하게 움직인다. 평소에는 봉오리 상태다.
422,깝질무,갯민숭달팽이포켓몬,물 타입,사는 바다에 따라 색과 모양이 다르다. 억지로 누르면 보라색 액체가 나온다.
423,트리토돈,갯민숭달팽이포켓몬,"물, 땅 타입",뼈가 없어서 몸이 부드럽다. 적에게 습격당하면 보라색 액체를 뿜고 도망친다.
424,겟핸보숭,긴꼬리포켓몬,노말 타입,2개의 꼬리로 정교한 작업을 한다. 꼬리를 너무 써서 팔을 잘 안 쓰게 되었다.
425,흔들풍손,풍선포켓몬,"고스트, 비행 타입",영혼이 모여서 태어났다. 습한 계절에 대량으로 발생하기도 한다.
426,둥실라이,기구포켓몬,"고스트, 비행 타입",낮에는 자고 저녁에 떼를 지어 날아간다. 어디로 가는지는 아무도 모른다.
427,이어롤,토끼포켓몬,노말 타입,위험을 느끼면 귀를 세워 경계한다. 추운 밤에는 털에 얼굴을 묻고 잔다.
428,이어롭,토끼포켓몬,노말 타입,항상 귀 끝을 손질하고 있다. 위험이 닥치면 부드러운 털로 감싼 다리로 킥을 날린다.
429,무우마직,매지컬포켓몬,고스트 타입,주문 같은 울음소리를 낸다. 들은 자는 두통과 환각에 시달린다.
430,돈크로우,대보스포켓몬,"악, 비행 타입",깊은 밤에 활동한다. 수많은 니로우를 거느리고 먹이를 찾아다닌다.
431,나옹마,고양이포켓몬,노말 타입,꼬리가 후크처럼 되어 있다. 마음에 들지 않으면 손톱을 세우고 할퀸다.
432,몬냥이,얼룩고양이포켓몬,노말 타입,몸이 뚱뚱해 보이지만 근육질이다. 자신의 털을 꼬리로 감아 몸을 크게 보인다.
433,랑딸랑,방울포켓몬,에스퍼 타입,목구멍에 있는 구슬이 울리면 맑은 소리가 난다. 깡충깡충 뛰며 논다.
434,스컹뿡,스컹크포켓몬,"독, 악 타입",엉덩이에서 고약한 냄새가 나는 액체를 뿜는다. 냄새는 반경 2km까지 퍼진다.
435,스컹탱크,스컹크포켓몬,"독, 악 타입",꼬리 끝에서 냄새나는 액체를 뿜는다. 사정거리는 50m 이상이다.
436,동미러,청동포켓몬,"강철, 에스퍼 타입",고대 무덤에서 발견되었다. 등의 무늬에는 신비한 힘이 깃들어 있다고 한다.
437,동탁군,동종포켓몬,"강철, 에스퍼 타입",풍작을 기원하는 제사를 지냈다. 비구름을 불러 비를 내리게 한다.
438,꼬지지.분재포켓몬,바위 타입,눈에서 수분을 배출해서 우는 것처럼 보인다,물을 싫어해서 닿으면 도망간다.
439,흉내내,마임포켓몬,"에스퍼, 페어리 타입",상대의 움직임을 흉내 내는 것을 좋아한다. 놀라게 하면 흉내를 멈춘다.
440,핑복,소꿉놀이포켓몬,노말 타입,둥근 흰 돌을 알이라고 생각해서 배 주머니에 넣고 다닌다.
441,페라페,음표포켓몬,"노말, 비행 타입",사람의 말을 흉내 낼 수 있다. 혀를 인간처럼 움직여 발음한다.
442,화강돌,봉인포켓몬,"고스트, 악 타입",108개의 영혼이 모여 태어났다. 나쁜 짓을 해서 쐐기돌에 봉인되어 있다.
443,딥상어동,육지상어포켓몬,"드래곤, 땅 타입",입을 크게 벌려 공격한다. 무는 힘은 강하지만 상처를 입히는 정도다.
444,한바이트,동굴포켓몬,"드래곤, 땅 타입",반짝이는 것을 좋아해서 보물을 발견하면 둥지로 가져간다.
445,한카리아스,마하포켓몬,"드래곤, 땅 타입",몸을 접고 날개를 펴면 제트기처럼 날 수 있다. 음속으로 비행한다.
446,먹고자,대식가포켓몬,노말 타입,몸집은 작지만 어른만큼 먹는다. 먹을 것을 발견하면 일단 볼주머니에 넣는다.
447,리오르,파문포켓몬,격투 타입,파동을 느껴서 상대의 기분이나 상태를 알 수 있다. 하룻밤에 산 3개를 넘는다.
448,루카리오,파동포켓몬,"격투, 강철 타입",파동을 캐치하여 보이지 않는 상대의 모습도 볼 수 있다. 사람의 말을 이해한다.
449,히포포타스,하마포켓몬,땅 타입,몸의 구멍에서 모래를 뿜어낸다. 모래 속에 몸을 숨겨 적으로부터 몸을 지킨다.
450,하마돈,중량포켓몬,땅 타입,입을 벌려 대량의 모래를 머금고 적에게 뿜어낸다. 화가 나면 모래폭풍을 일으킨다.
451,스콜피,전갈포켓몬,"독, 벌레 타입",꼬리의 발톱으로 먹이를 잡고 맹독을 주입한다. 독은 3일 동안 사라지지 않는다.
452,드래피온,괴물전갈포켓몬,"독, 악 타입",양팔의 발톱은 자동차를 고철로 만들 파괴력을 가졌다. 독을 뿜기도 한다.
453,삐딱구리,독개구리포켓몬,"독, 격투 타입",뺨의 독주머니를 부풀려 소리를 낸다. 상대가 겁을 먹으면 독 찌르기를 한다.
454,독개굴,독개구리포켓몬,"독, 격투 타입",주먹의 가시에 맹독이 있다. 스치기만 해도 목숨을 잃을 수 있다.
455,무스틈니,벌레잡이포켓몬,풀 타입,달콤한 향기로 벌레를 유인한다. 입을 크게 벌리고 기다렸다가 꿀꺽 삼킨다.
456,형광어,날개물고기포켓몬,물 타입,지느러미가 핑크색으로 빛난다. 밤의 바다에서 보면 별처럼 보인다.
457,네오라이트,네온포켓몬,물 타입,심해의 밑바닥을 기어 다닌다. 지느러미를 빛내서 먹이를 유인한다.
458,타만타,연포켓몬,"물, 비행 타입",등의 무늬는 지역에 따라 다르다. 무리를 지어 유유히 헤엄친다.
459,눈쓰개,얼음나무포켓몬,"풀, 얼음 타입",봄에는 아이스캔디 같은 열매가 열린다. 사람이 다가가면 도망친다.
460,눈설왕,동상포켓몬,"풀, 얼음 타입",눈보라를 일으켜 주변을 하얗게 만든다. 설인의 정체라고 불린다.
461,포뉴라,갈고리손톱포켓몬,"악, 얼음 타입",돌이나 나무에 발톱으로 메시지를 새겨 동료에게 신호를 보낸다.
462,자포코일,자기장포켓몬,"전기, 강철 타입",특수한 자기장의 영향으로 레어코일이 진화했다. 3개의 유닛에서 자력을 낸다.
463,내룸벨트,핥기포켓몬,노말 타입,혀가 자유자재로 늘어난다. 혀에 닿으면 침이 묻어 기분이 나쁘다.
464,거대코뿌리,드릴포켓몬,"땅, 바위 타입",손바닥의 구멍에서 바위를 발사한다. 전신의 프로텍터는 화산의 분화도 견딘다.
465,덩쿠림보,덩굴포켓몬,풀 타입,팔을 뻗어 먹이를 잡는다. 팔이 잘려도 금방 자라나서 신경 쓰지 않는다.
466,에레키블,뇌전포켓몬,전기 타입,2개의 꼬리 끝을 상대에게 대고 2만 볼트 이상의 전기를 흘려보낸다.
467,마그마번,폭염포켓몬,불꽃 타입,팔 끝에서 섭씨 2000도의 불꽃을 발사한다. 불꽃을 쏠 때는 몸도 조금 녹는다.
468,토게키스,축복포켓몬,"페어리, 비행 타입",분쟁이 없는 평화로운 장소에 나타나 사람들에게 축복을 내려준다.
469,메가자리,6날개포켓몬,"벌레, 비행 타입",6개의 날개로 고속 비행한다. 날갯짓으로 충격파를 일으켜 공격한다.
470,리피아,신록포켓몬,풀 타입,식물처럼 광합성을 한다. 맑은 날에는 자고 있는 리피아 주위의 공기가 맑다.
471,글레이시아,신설포켓몬,얼음 타입,체온을 마이너스 60도까지 내릴 수 있다. 주변의 공기를 얼려 다이아몬드 더스트를 만든다.
472,글라이온,송곳니전갈포켓몬,"땅, 비행 타입",바람의 흐름을 타고 소리 없이 날아다닌다. 긴 꼬리로 먹이를 낚아챈다.
473,맘모꾸리,2개의이빨포켓몬,"얼음, 땅 타입",얼음으로 된 엄니는 훌륭하다. 빙하기가 끝나고 수가 줄어들었다.
474,폴리곤Z,가상포켓몬,노말 타입,프로그램을 수정해서 능력이 향상되었지만 이상한 동작을 하게 되었다.
475,엘레이드,검객포켓몬,"에스퍼, 격투 타입",팔의 빳빳한 날로 상대를 벤다. 예의 바른 검객이다.
476,대코파스,콤파스포켓몬,"바위, 강철 타입",강력한 자력을 낸다. 3개의 작은 유닛을 조종해서 3방향에서 공격한다.
477,야느와르몽,손짓포켓몬,고스트 타입,머리의 안테나로 영계의 전파를 수신한다. 지시를 받아 사람을 영계로 데려간다.
478,눈여아,설국포켓몬,"얼음, 고스트 타입",눈산에서 조난당한 여자가 환생했다는 전설이 있다. 좋아하는 것을 얼려서 장식한다.
479,로톰,플라스마포켓몬,"전기, 고스트 타입",전자기기에 들어가는 능력이 있다. 몸은 플라스마로 되어 있다.
480,유크시,지식포켓몬,에스퍼 타입,눈을 마주친 사람의 기억을 지워버리는 힘을 가지고 있다고 전해진다.
481,엠라이트,감정포켓몬,에스퍼 타입,사람들에게 슬픔과 즐거움 등의 감정을 가르쳐 주었다고 전해진다.
482,아그놈,의지포켓몬,에스퍼 타입,모든 어려움에 맞서는 강한 마음을 사람들에게 주었다고 전해진다.
483,디아루가,시간포켓몬,"강철, 드래곤 타입",시간을 조종하는 힘을 가졌다. 신오지방에서는 신으로 불린다.
484,펄기아,공간포켓몬,"물, 드래곤 타입",공간을 비틀어버리는 힘을 가졌다. 먼 장소로 순식간에 이동할 수 있다.
485,히드런,화구포켓몬,"불꽃, 강철 타입",화산 동굴에서 산다. 십자형의 발톱을 박아서 천장이나 벽을 기어 다닌다.
486,레지기가스,거대포켓몬,노말 타입,밧줄로 묶은 대륙을 끌어서 움직였다는 전설이 남아 있다.
487,기라티나,반골포켓몬,"고스트, 드래곤 타입",난폭하다는 이유로 쫓겨났다. 깨어진 세계에서 조용히 세상을 지켜보고 있다.
488,크레세리아,초승달포켓몬,에스퍼 타입,날개에서 빛나는 입자를 낸다. 크레세리아의 깃털을 가지고 있으면 즐거운 꿈을 꾼다.
489,피오네,해양포켓몬,물 타입,따뜻한 바다를 찾아 먼 거리를 헤엄친다. 태어난 장소로 돌아오는 습성이 있다.
490,마나피,회유포켓몬,물 타입,몸의 80퍼센트가 물이다. 어떤 포켓몬과도 마음이 통하는 신비한 능력이 있다.
491,다크라이,암흑포켓몬,악 타입,사람이나 포켓몬에게 악몽을 꾸게 한다. 자신을 지키기 위한 행동이다.
492,쉐이미,감사포켓몬,풀 타입,꽃밭에 산다. 감사의 마음을 전할 때 꽃이 피어난다.
493,아르세우스,창조포켓몬,노말 타입,우주가 태어나기 전부터 존재했다고 전해지는 신화 속의 포켓몬이다.
494,비크티니,승리포켓몬,"에스퍼, 불꽃 타입",비크티니를 데리고 있는 트레이너는 승부에서 이길 수 있다. 체내에서 무한한 에너지를 만든다.
495,주리비얀,풀뱀포켓몬,풀 타입,지능이 높고 냉정하다. 태양 빛을 충분히 쬐면 움직임이 매우 날카로워진다.
496,샤비,풀뱀포켓몬,풀 타입,몸을 비틀어 이동하는 속도는 숲속 어떤 포켓몬보다 빠르다.
497,샤로다,로열포켓몬,풀 타입,머리를 높이 쳐들고 상대를 위협한다. 강적과 싸울 때만 진심을 낸다.
498,뚜꾸리,불돼지포켓몬,불꽃 타입,코에서 불꽃을 뿜어낸다. 감기에 걸리면 불꽃이 아니라 검은 연기가 나온다.
499,차오꿀,불돼지포켓몬,"불꽃, 격투 타입",먹을수록 몸이 따뜻해지고 기술의 위력도 올라간다.
500,염무왕,대지돼지포켓몬,"불꽃, 격투 타입",턱의 불꽃이 타오르면 펀치에 불꽃을 둘러 공격한다. 매우 동료를 아끼는 포켓몬이다.
501,수댕이,해달포켓몬,물 타입,배에 있는 가리비칼로 싸운다. 공격을 막고 바로 베어서 반격한다.
502,쌍검자비,수행포켓몬,물 타입,혹독한 수행 끝에 가리비칼을 다루는 기술을 습득한다. 2개의 가리비칼을 쓴다.
503,대검귀,관록포켓몬,물 타입,1번 울부짖는 것만으로 상대를 위압한다. 앞발의 갑옷에 수납된 검으로 적을 벤다.
504,보르쥐,망보기포켓몬,노말 타입,뺨의 주머니에 먹이를 모아 며칠이고 망을 본다. 꼬리로 동료에게 신호를 보낸다.
505,보르그,경계포켓몬,노말 타입,체모가 발광 물질로 되어 있다. 눈을 번쩍 빛나게 해서 상대를 위협한다.
506,요테리,강아지포켓몬,노말 타입,얼굴을 뒤덮은 긴 털은 뛰어난 레이더 기능을 한다. 상대의 상태를 민감하게 감지한다.
507,하데리어,충견포켓몬,노말 타입,망토처럼 몸을 덮고 있는 검은 털은 매우 단단하다. 받은 데미지를 줄여준다.
508,바랜드,관대포켓몬,노말 타입,사람을 잘 따라서 옛날부터 구조 활동을 돕고 있다. 추위로부터 사람을 지켜준다.
509,쌔비냥,심술꾸러기포켓몬,악 타입,사람의 물건을 훔치는 것은 곤란해하는 모습을 보고 싶기 때문이다.
510,레파르다스,냉혹포켓몬,악 타입,소리도 내지 않고 등 뒤로 다가간다. 상대가 눈치채기 전에 숨통을 끊는다.
511,야나프,풀원숭이포켓몬,풀 타입,머리에 난 잎사귀는 지친 몸을 기운 나게 하는 효과가 있다.
512,야나키,가시원숭이포켓몬,풀 타입,가시가 박힌 꼬리를 휘둘러 싸운다. 머리의 잎사귀는 쓴맛이 난다.
513,바오프,고온포켓몬,불꽃 타입,화가 나면 머리의 털 온도가 300도가 된다. 나무 열매를 구워 먹는다.
514,바오키,불꽃원숭이포켓몬,불꽃 타입,체내에서 불꽃을 태우면 머리에서 불티가 흩날린다. 달콤한 것을 좋아한다.
515,앗차프,물뿌리기포켓몬,물 타입,머리에 모아둔 물은 영양이 풍부하다. 식물에 뿌리면 크게 자란다.
516,앗차키,방수포켓몬,물 타입,꼬리에서 물을 뿜어낸다. 수압으로 콘크리트 벽을 부술 정도다.
517,몽나,꿈먹기포켓몬,에스퍼 타입,즐거운 꿈을 꾸고 있으면 어디선가 나타나 꿈을 먹어버린다.
518,몽얌나,꿈요정포켓몬,에스퍼 타입,먹은 꿈을 실체화시킨다. 연기에서 나오는 꿈의 영상은 실물과 똑같다.
519,콩둘기,아기비둘기포켓몬,"노말, 비행 타입",트레이너의 명령은 잘 듣지만 어려운 지시를 받으면 이해하지 못한다.
520,유토브,들비둘기포켓몬,"노말, 비행 타입",숲속 깊은 곳에 산다. 싸움이 벌어지기 전에 낌새를 느끼고 날아가 버린다.
521,켄호로우,프라이드포켓몬,"노말, 비행 타입",수컷은 머리의 장식을 흔들어 상대를 위협한다. 암컷의 비행 능력이 더 뛰어나다.
522,줄뮤마,대전포켓몬,전기 타입,방전하면 갈기가 빛난다. 갈기의 빛으로 동료와 연락을 취한다.
523,제브라이카,뇌전포켓몬,전기 타입,성질이 급하다. 화가 나면 사방팔방으로 전기를 흩뿌린다.
524,단굴,맨틀포켓몬,바위 타입,100년 전에 있었던 대지진 때 지각의 갈라진 틈에서 발견되었다.
525,암트르,광석포켓몬,바위 타입,몸의 에너지가 넘치면 오렌지색 결정이 빛난다. 동굴 안을 밝혀준다.
526,기가이어스,고압포켓몬,바위 타입,몸의 오렌지색 결정에서 에너지를 압축해 발사한다. 산 하나를 날려버릴 위력이다.
527,또르박쥐,박쥐포켓몬,"에스퍼, 비행 타입",코로 벽에 붙어서 잠을 잔다. 콧구멍으로 초음파를 낸다.
528,맘박쥐,배트포켓몬,"에스퍼, 비행 타입",수컷이 암컷에게 구애할 때 초음파를 낸다. 어떤 콘크리트라도 파괴하는 위력이다.
529,두더류,두더지포켓몬,땅 타입,양손의 손톱을 합치면 드릴처럼 변한다. 시속 50km로 땅을 파고 나아간다.
530,몰드류,땅밑포켓몬,"땅, 강철 타입",강철로 된 손톱과 머리로 터널을 판다. 지하철 터널 공사를 돕기도 한다.
531,다부니,히어링포켓몬,노말 타입,귀의 촉각으로 상대의 심장 소리를 듣고 컨디션이나 기분을 알 수 있다.
532,으랏차,근골포켓몬,격투 타입,무거운 목재를 들고 다지며 몸을 단련한다. 근육이 붙으면 더 무거운 것으로 바꾼다.
533,토쇠골,근골포켓몬,격투 타입,철골을 짊어지고 다니며 몸을 단련한다. 동료들과 함께 해체 공사 현장에서 일한다.
534,노보청,근골포켓몬,격투 타입,지팡이 대신 콘크리트 기둥을 짚고 다닌다. 기둥을 자유자재로 휘두르는 힘이 있다.
535,동챙이,올챙이포켓몬,물 타입,위기 상황이 닥치면 뺨의 진동막을 떨어 고주파를 내서 상대를 쫓아낸다.
536,두까비,진동포켓몬,"물, 땅 타입",머리의 혹에서 신경을 마비시키는 액체를 뿜는다. 진동으로 지진을 일으킨다.
537,두빅굴,진동포켓몬,"물, 땅 타입",주먹의 혹에서 진동을 일으켜 펀치의 위력을 높인다. 바위도 가루로 만든다.
538,던지미,유도포켓몬,격투 타입,자신보다 큰 상대를 던지는 것을 좋아한다. 허리띠를 조이면 기합이 들어간다.
539,타격귀,가라테포켓몬,격투 타입,최강의 태권도 기술을 추구하며 산속에 틀어박혀 수행한다.
540,두르보,바느질포켓몬,"벌레, 풀 타입",입에서 끈적이는 실을 뱉어 잎사귀를 꿰매 옷을 만든다.
541,두르쿤,잎사귀포켓몬,"벌레, 풀 타입",숲의 영양분이 되도록 낙엽을 먹어 부엽토를 만든다.
542,모아머,육아포켓몬,"벌레, 풀 타입",작은 포켓몬을 발견하면 잎사귀로 옷을 만들어 입혀준다.
543,마디네,지네포켓몬,"벌레, 독 타입",머리와 꼬리의 더듬이로 공기의 흐름을 읽어 주변 상황을 파악한다.
544,휠구,눈썹지네포켓몬,"벌레, 독 타입",적에게 공격당하면 몸을 둥글게 말고 고속 회전해서 몸통박치기를 한다.
545,펜드라,지네포켓몬,"벌레, 독 타입",목의 발톱으로 상대를 꼼짝 못 하게 하고 맹독을 주입한다.
546,소미안,솜뭉치포켓몬,"풀, 페어리 타입",위험해지면 몸에서 솜을 날려 적을 혼란시키고 도망간다.
547,엘풍,바람잡이포켓몬,"풀, 페어리 타입",좁은 틈새라도 바람처럼 빠져나간다. 하얀 솜털을 남기고 간다.
548,치릴리,뿌리포켓몬,풀 타입,머리의 잎사귀는 매우 쓰지만 지친 몸을 회복시키는 효과가 있다.
549,드레디어,화식포켓몬,풀 타입,머리의 꽃은 릴렉스 효과가 있는 향기를 낸다. 유명 인사가 좋아하는 포켓몬이다.
550,배쓰나이,난폭포켓몬,물 타입,적색근 모습과 청색근 모습이 있다. 서로 사이가 나빠 만나면 싸운다.
551,깜눈크,사막악어포켓몬,"땅, 악 타입",따뜻한 모래 속에 몸을 숨기고 사냥감이 지나가기를 기다린다.
552,악비르,사막악어포켓몬,"땅, 악 타입",얇은 막이 눈을 덮고 있어 모래바람 속에서도 사물을 볼 수 있다.
553,악비아르,위협포켓몬,"땅, 악 타입",눈앞의 물체를 멀리 보이게 하는 힘으로 사냥감을 방심하게 만든다.
554,달막화,달마포켓몬,불꽃 타입,체내에서 불꽃이 타오르면 가만히 있지 못하고 이리저리 뛰어다닌다.
555,불비달마,염무포켓몬,불꽃 타입,1400도의 불꽃을 체내에서 태워 덤프트럭을 펀치 한 방으로 날려버린다.
556,마라카치,선인장포켓몬,풀 타입,리드미컬한 소리를 내며 춤을 춘다. 놀라게 한 새 포켓몬이 도망간다.
557,돌살이,바위살이포켓몬,"벌레, 바위 타입",딱 맞는 돌을 찾으면 그 안에 들어가 산다. 돌이 깨지면 불안해한다.
558,암팰리스,바위집포켓몬,"벌레, 바위 타입",무거운 바위를 짊어지고 건조한 땅을 이동한다. 영역 다툼이 치열하다.
559,곤율랭,탈피포켓몬,"악, 격투 타입",가죽을 목까지 끌어올려 방어 태세를 취한다. 고무처럼 늘어나는 가죽은 튼튼하다.
560,곤율거니,악당포켓몬,"악, 격투 타입",머리의 볏이 큰 그룹이 리더가 된다. 영역을 침범하면 집단으로 공격한다.
561,심보러,토템포켓몬,"에스퍼, 비행 타입",고대 도시의 수호신이었다. 침입자는 사이코키네시스로 공격한다.
562,데스마스,영혼포켓몬,고스트 타입,가지고 있는 마스크는 사람이었을 때의 얼굴이다. 가끔 쳐다보며 운다.
563,데스니칸,관포켓몬,고스트 타입,진짜 관으로 착각해서 다가온 도굴꾼을 몸속에 가두어 버린다.
564,프로토가,고대거북포켓몬,"물, 바위 타입",1억 년 전 바다에 살았다. 튼튼한 껍질로 몸을 지킨다.
565,늑골라,고대거북포켓몬,"물, 바위 타입",턱의 힘이 매우 강해서 철골도 씹어 먹는다. 먹이를 껍질째 먹는다.
566,아켄,고대새포켓몬,"바위, 비행 타입",모든 새 포켓몬의 조상이라고 한다. 나무에서 나무로 활공한다.
567,아케오스,고대새포켓몬,"바위, 비행 타입",지상에서 도움닫기 하여 비행한다. 동료와 협력하여 사냥한다.
568,깨봉이,쓰레기봉투포켓몬,독 타입,쓰레기봉투와 화학 반응을 일으켜 태어났다. 더러운 곳을 좋아한다.
569,더스트나,쓰레기장포켓몬,독 타입,쓰레기를 들이마셔 몸의 일부로 만든다. 트림을 하면 독가스가 나온다.
570,조로아,짓궂은여우포켓몬,악 타입,상대로 둔갑해서 놀래킨다. 겁이 많아서 정체를 숨기고 다닌다.
571,조로아크,요괴여우포켓몬,악 타입,둔갑해서 사람을 홀린다. 동료를 지키기 위해 환영을 보여준다.
572,치라미,チンチラ포켓몬,노말 타입,꼬리로 서로의 몸을 빗겨주며 애정 표현을 한다. 깨끗한 것을 좋아한다.
573,치라치노,스카프포켓몬,노말 타입,하얀 털은 기름으로 코팅되어 있어 적의 공격을 미끄러뜨려 피한다.
574,고디탱,주시포켓몬,에스퍼 타입,리본 모양의 더듬이로 사이코 파워를 증폭시킨다. 무언가를 응시하고 있다.
575,고디보미,조작포켓몬,에스퍼 타입,별이 빛나는 밤에는 돌을 띄워서 별의 배치를 바꾼다고 한다.
576,고디모아젤,천체포켓몬,에스퍼 타입,강력한 사이코 파워로 공간을 비틀어버린다. 별의 수명을 볼 수 있다.
577,유니란,세포포켓몬,에스퍼 타입,특수한 액체에 싸여 있어 어떤 환경에서도 살 수 있다. 텔레파시로 대화한다.
578,듀란,분할포켓몬,에스퍼 타입,2개의 뇌가 있어서 갑자기 다른 행동을 하기도 한다. 사이코 파워가 강력하다.
579,란쿨루스,증폭포켓몬,에스퍼 타입,서로 손을 잡으면 뇌가 네트워크로 연결되어 사이코 파워가 증폭된다.
580,꼬지보리,물새포켓몬,"물, 비행 타입",잠수하는 것이 특기다. 물속의 수초를 먹는다. 깃털은 물을 튕겨낸다.
581,스완나,백조포켓몬,"물, 비행 타입",우아한 겉모습과 달리 날개로 칠 때의 힘은 강력하다. 수천 킬로미터를 날 수 있다.
582,바닐프티,신설포켓몬,얼음 타입,아침 햇살을 받은 고드름에서 태어났다. 체온이 올라가면 녹아버린다.
583,바닐리치,빙설포켓몬,얼음 타입,눈 덮인 산에 산다. 물을 얼려서 얼음 덩어리를 만들어 쏜다.
584,배바닐라,블리자드포켓몬,얼음 타입,2개의 머리가 동시에 화를 내면 맹렬한 눈보라가 일어난다.
585,사철록,계절포켓몬,"노말, 풀 타입",계절에 따라 털 색깔과 냄새가 바뀐다. 계절의 변화를 알리는 포켓몬이다.
586,바라철록,계절포켓몬,"노말, 풀 타입",계절에 따라 뿔에 자라는 풀이나 꽃이 바뀐다. 뿔의 모양은 모두 다르다.
587,에몽가,하늘다람쥐포켓몬,"전기, 비행 타입",볼의 전기 주머니에 전기를 모아 망토 같은 막을 펼쳐 활공하며 방전한다.
588,딱정곤,덮개포켓몬,벌레 타입,쪼마리와 함께 있으면 진화한다. 갑옷을 입고 있어 방어력이 높다.
589,슈바르고,기병포켓몬,"벌레, 강철 타입",쪼마리의 껍질을 빼앗아 입었다. 고속으로 날아다니며 창으로 찌른다.
590,깜놀버슬,버섯포켓몬,"풀, 독 타입",몬스터볼과 닮은 모양으로 적을 유인해서 독 포자를 뿌린다.
591,뽀록나,버섯포켓몬,"풀, 독 타입",양팔의 몬스터볼 무늬를 보여주며 춤을 춘다. 가까이 온 먹이를 덮친다.
592,탱그릴,부유포켓몬,"물, 고스트 타입",얇은 베일 같은 팔로 상대를 감싸 마비시켜 심해 8000m까지 데리고 간다.
593,탱탱겔,부유포켓몬,"물, 고스트 타입",바다를 떠돌며 배를 가라앉히고 선원들의 생명 에너지를 빨아먹는다.
594,맘복치,간호포켓몬,물 타입,다친 포켓몬을 발견하면 특수한 점막으로 감싸서 치료해 준다.
595,파쪼옥,전기거미포켓몬,"벌레, 전기 타입",몸집이 작아서 큰 포켓몬의 털 속에 숨어 정전기를 빨아먹는다.
596,전툴라,전기거미포켓몬,"벌레, 전기 타입",전기를 띠는 실로 함정을 만든다. 걸려든 먹이를 감전시켜 먹는다.
597,철시드,가시열매포켓몬,"풀, 강철 타입",위험을 느끼면 가시를 발사한다. 동굴 천장에 박혀서 철분을 섭취한다.
598,너트령,가시구슬포켓몬,"풀, 강철 타입",3개의 촉수에 달린 가시 구슬을 휘둘러 공격한다. 강철 가시는 바위도 부순다.
599,기어르.톱니바퀴포켓몬,강철 타입,2개의 톱니바퀴가 맞물려 돌아가면 에너지가 생긴다,하나라도 빠지면 살 수 없다.
600,기기어르,톱니바퀴포켓몬,강철 타입,큰 톱니바퀴가 작은 톱니바퀴를 고속으로 회전시켜 공격한다.
601,기기기어르,톱니바퀴포켓몬,강철 타입,붉은 코어에 에너지를 충전하여 기어에서 발사한다.
602,저리어,전기물고기포켓몬,전기 타입,혼자서는 전기를 많이 만들 수 없어서 떼를 지어 방전한다.
603,저리릴,전기물고기포켓몬,전기 타입,피부를 통해 호흡할 수 있어 물 밖에서도 활동할 수 있다.
604,저리더프,전기물고기포켓몬,전기 타입,빨판 같은 입으로 상대를 물고 전기를 흘려보낸다.
605,리그레,브레인포켓몬,에스퍼 타입,50년 전 사막의 UFO 추락 현장에서 발견되었다. 뇌를 직접 자극한다.
606,벰크,브레인포켓몬,에스퍼 타입,손가락 끝의 3색 빛을 깜빡여서 동료와 대화한다. 기억을 조작하는 능력이 있다.
607,불켜미,양초포켓몬,"고스트, 불꽃 타입",사람이나 포켓몬의 생명력을 빨아들여 불꽃을 태운다.
608,램프라,램프포켓몬,"고스트, 불꽃 타입",영혼을 찾아 밤거리를 헤맨다. 사람이 죽을 때를 기다린다.
609,샹델라,유인포켓몬,"고스트, 불꽃 타입",괴상한 불꽃으로 상대를 최면 상태에 빠뜨린다. 영혼을 태워버린다.
610,터검니,턱니포켓몬,드래곤 타입,이빨로 나무 열매를 깨물어 부순다. 이빨은 빠져도 바로 다시 자라난다.
611,액슨도,도끼턱포켓몬,드래곤 타입,턱의 이빨로 바위에 흔적을 남겨 영역을 표시한다. 이빨은 부러져도 다시 자라지 않는다.
612,액스라이즈,도끼턱포켓몬,드래곤 타입,튼튼한 턱의 이빨은 강철도 절단한다. 갑옷 같은 피부를 가졌다.
613,코고미,꽁꽁포켓몬,얼음 타입,콧물을 흘리고 있다. 콧물을 들이마시면 기술을 쓸 수 있다.
614,툰베어,동결포켓몬,얼음 타입,내뱉은 숨을 얼려서 얼음 송곳니나 발톱을 만든다. 북쪽 바다에 산다.
615,프리지오,결정포켓몬,얼음 타입,얼음 결정으로 된 사슬로 먹이를 묶어 영하 100도로 얼려버린다.
616,쪼마리,달팽이포켓몬,벌레 타입,전기를 받으면 진화하는 특이한 성질을 가졌다. 딱정곤과 함께 있으면 진화한다.
617,어지리더,탈껍질포켓몬,벌레 타입,무거운 껍질을 벗어던지고 몸이 가벼워졌다. 닌자처럼 재빨리 움직인다.
618,메더,트랩포켓몬,"땅, 전기 타입",모래 속에 몸을 숨기고 먹이가 밟기를 기다린다. 밟으면 전기를 내보낸다.
619,비조푸,무술포켓몬,격투 타입,팔의 털을 채찍처럼 휘둘러 싸운다. 정신 통일을 하면 기술의 위력이 올라간다.
620,비조도,무술포켓몬,격투 타입,팔의 털을 채찍처럼 다룬다. 공격 속도가 너무 빨라 눈에 보이지 않는다.
621,크리만,동굴포켓몬,드래곤 타입,날개가 있지만 날지 못한다. 좁은 동굴 안을 뛰어다니며 사냥감을 잡는다.
622,골비람,골렘포켓몬,"땅, 고스트 타입",고대 문명이 만든 로봇 포켓몬이다. 에너지가 다하면 멈춘다.
623,골루그,골렘포켓몬,"땅, 고스트 타입",가슴의 봉인을 풀면 제어할 수 없는 에너지가 폭주한다. 마하의 속도로 하늘을 난다.
624,자망칼,칼날포켓몬,"악, 강철 타입",전신의 칼날로 상대를 베어 가른다. 무리의 리더인 절각참의 명령을 따른다.
625,절각참,도검포켓몬,"악, 강철 타입",자망칼을 이끌고 사냥감을 몰아넣어 두 동강 낸다. 냉철한 성격이다.
626,버프론,두치기포켓몬,노말 타입,아프로 머리는 어떤 충격도 흡수한다. 돌진하면 열차도 탈선시킨다.
627,수리둥보,아기독수리포켓몬,"노말, 비행 타입",힘이 센 포켓몬에게도 과감하게 싸움을 건다. 용감한 전사가 되기 위해서다.
628,워글,용맹포켓몬,"노말, 비행 타입",동료를 위해 상처 입는 것을 두려워하지 않고 싸운다. 하늘의 용사라 불린다.
629,벌차이,기저귀포켓몬,"악, 비행 타입",해골을 엉덩이에 쓰고 적으로부터 몸을 지킨다. 버랜지나를 뒤따라 다닌다.
630,버랜지나,뼈독수리포켓몬,"악, 비행 타입",뼈를 주워 둥지를 만든다. 약해진 먹이를 발견하면 가차 없이 덮친다.
631,앤티골,개미핥기포켓몬,불꽃 타입,고열의 불꽃 혀로 아이앤트의 강철 몸을 녹여 내용을 빨아먹는다.
632,아이앤트,철개미포켓몬,"벌레, 강철 타입",강철 갑옷으로 몸을 지킨다. 집단으로 굴을 파서 복잡한 미로를 만든다.
633,모노두,폭거포켓몬,"악, 드래곤 타입",눈이 보이지 않아 몸통박치기를 하거나 물어뜯어 주위를 확인한다.
634,디헤드,흉폭포켓몬,"악, 드래곤 타입",2개의 머리는 사이가 나빠서 먹이를 두고 자주 싸운다.
635,삼삼드래,흉폭포켓몬,"악, 드래곤 타입",움직이는 것은 모두 적인 줄 알고 덤벼든다. 3개의 머리로 모든 것을 먹어치운다.
636,활화르바,횃불포켓몬,"벌레, 불꽃 타입",화산의 분화구에서 태어났다. 5개의 뿔에서 불꽃을 뿜어 적을 쫓아낸다.
637,불카모스,태양포켓몬,"벌레, 불꽃 타입",싸울 때 불꽃의 인분을 흩뿌린다. 고대 사람들은 태양의 분신으로 숭배했다.
638,코바르온,철심포켓몬,"강철, 격투 타입",강철의 마음과 몸을 가졌다. 흉폭한 포켓몬도 노려보는 것만으로 복종시킨다.
639,테라키온,암굴포켓몬,"바위, 격투 타입",전설의 포켓몬이다. 성벽을 일격에 부수는 파괴력을 가졌다.
640,비리디온,초원포켓몬,"풀, 격투 타입",재빠른 몸놀림으로 상대를 농락한다. 날카로운 뿔로 벤다.
641,토네로스,선풍포켓몬,비행 타입,시속 300km로 하늘을 날아다닌다. 꼬리에서 발생시킨 폭풍은 집도 날려버린다.
642,볼트로스,뇌격포켓몬,"전기, 비행 타입",꼬리의 가시에서 전격을 쏜다. 뇌운을 타고 하늘을 날아다닌다.
643,레시라무,백양포켓몬,"드래곤, 불꽃 타입",꼬리가 불꽃을 뿜어내면 대기까지 타올라 세상의 기후를 바꾼다.
644,제크로무,흑음포켓몬,"드래곤, 전기 타입",꼬리 안에 전기를 만드는 기관이 있다. 전신을 번개 구름에 숨기고 난다.
645,랜드로스,풍요포켓몬,"땅, 비행 타입",밭의 신으로 불린다. 랜드로스가 다녀간 땅은 작물이 잘 자란다.
646,큐레무,경계포켓몬,"드래곤, 얼음 타입",강력한 냉동 에너지를 체내에서 만들지만 그 냉기로 몸이 얼어붙어 있다.
647,케르디오,망아지포켓몬,"물, 격투 타입",물 위를 달릴 수 있다. 각오를 굳히면 전신의 힘이 넘쳐흐른다.
648,메로에타,선율포켓몬,"노말, 에스퍼 타입",메로에타가 연주하는 멜로디는 듣는 자의 감정을 자유자재로 조종한다.
649,게노세크트,고생대포켓몬,"벌레, 강철 타입",3억 년 전 최강의 헌터였다. 플라스마단에 의해 개조되었다.
650,도치마론,밤송이포켓몬,풀 타입,머리와 등의 단단한 껍질은 트럭이 부딪쳐도 끄떡없다. 가시를 세워 몸을 지킨다.
651,도치보구,가시갑옷포켓몬,풀 타입,몸을 덮고 있는 껍질이 더욱 단단해져 트레일러가 부딪쳐도 끄떡없다.
652,브리가론,가시갑옷포켓몬,"풀, 격투 타입",얼굴 앞의 주먹을 겹쳐서 방어 자세를 취하면 폭탄 직격도 견뎌낸다.
653,푸호꼬,여우포켓몬,불꽃 타입,작은 나뭇가지를 가지고 다니며 간식 대신 먹는다. 귀에서 200도가 넘는 열기를 뿜는다.
654,테르나,여우포켓몬,불꽃 타입,나뭇가지를 꼬리의 털에 꽂고 있다. 꼬리의 털 마찰열로 가지에 불을 붙여 싸운다.
655,마폭시,여우포켓몬,"불꽃, 에스퍼 타입",지팡이 끝의 불꽃을 응시하여 정신을 통일하면 미래의 일들을 내다볼 수 있다.
656,개구마르,거품개구리포켓몬,물 타입,가슴과 등에서 거품을 낸다. 탄력 있는 거품으로 공격을 받아넘겨 데미지를 줄인다.
657,개굴반장,거품개구리포켓몬,물 타입,거품으로 몸을 감싸면 닌자처럼 기척이 사라진다. 방심한 적을 덮친다.
658,개굴닌자,닌자포켓몬,"물, 악 타입",물을 압축해 만든 수리검을 고속 회전시켜 날리면 금속도 두 동강 낼 수 있다.
659,파르빗,구멍파기포켓몬,노말 타입,큰 귀로 흙을 파서 굴을 만든다. 하루 종일 쉬지 않고 굴을 팔 수 있다.
660,파르토,구멍파기포켓몬,"노말, 땅 타입",배의 털은 보온성이 뛰어나다. 귀의 파워는 1톤 바위도 가볍게 들어 올린다.
661,화살꼬빈,울새포켓몬,"노말, 비행 타입",사람을 잘 따르는 성격이다. 아름다운 울음소리와 꼬리의 움직임으로 동료에게 신호를 보낸다.
662,불화살빈,불꽃씨포켓몬,"불꽃, 비행 타입",부리에서 불씨를 뿜어 먹이를 태워서 잡는다. 배의 불주머니 화력이 강할수록 빨리 날 수 있다.
663,파이어로,맹렬포켓몬,"불꽃, 비행 타입",500km의 스피드로 덮쳐서 강력한 킥으로 먹이를 확실하게 처치한다.
664,분이벌레,가루뿜기포켓몬,벌레 타입,숲이나 들판의 덤불 속에 산다. 천적에게 습격당하면 검은 가루를 뿌려 몸을 지킨다.
665,분떠도리,가루뿜기포켓몬,벌레 타입,사는 장소의 기후나 풍토에 따라 날개 무늬가 바뀐다. 가루를 뿌려 조절한다.
666,비비용,인분포켓몬,"벌레, 비행 타입",다채로운 날개 무늬에는 비밀이 숨겨져 있다. 날갯짓으로 맹독 가루를 뿌린다.
667,레오꼬,어린사자포켓몬,"불꽃, 노말 타입",혈기 왕성해서 바로 싸우려고 한다. 붉은 갈기가 열을 뿜으면 전신에 힘이 넘친다.
668,화염레오,임금포켓몬,"불꽃, 노말 타입",무리 중 가장 큰 갈기를 가진 수컷이 리더가 된다. 섭씨 6000도의 숨을 내뱉는다.
669,플라베베,한송이포켓몬,페어리 타입,태어나자마자 좋아하는 꽃을 찾아 평생 그 꽃과 함께 지낸다.
670,플라에테,한송이포켓몬,페어리 타입,마음에 드는 꽃을 기르기 위해 자신의 파워를 나눠준다. 화단의 꽃을 짓밟는 자는 용서하지 않는다.
671,플라제스,가든포켓몬,페어리 타입,수명을 다한 꽃의 파워를 자신의 것으로 만든다. 아름다운 화원을 자신의 영역으로 삼는다.
672,메이클,라이딩포켓몬,풀 타입,사람을 태우는 것을 좋아한다. 뿔을 만지는 느낌으로 트레이너의 기분을 알 수 있다.
673,고고트,라이딩포켓몬,풀 타입,뿔의 촉감으로 기분을 읽어내기 때문에 트레이너와 하나가 되어 달릴 수 있다.
674,판짱,개구쟁이포켓몬,격투 타입,무서운 얼굴로 상대를 노려보지만 별로 효과는 없다. 머리를 쓰다듬어 주면 금방 웃는 얼굴이 된다.
675,부란다,무서운얼굴포켓몬,"격투, 악 타입",기질이 거칠어 걸핏하면 싸우려 들지만 약한 자가 괴롭힘당하는 것은 못 본 척하지 않는다.
676,트리미앙,푸들포켓몬,노말 타입,털을 깎아주면 기뻐하지만 깎는 사람의 실력을 알아보고 마음에 들지 않으면 털을 자라게 해버린다.
677,냐스퍼,자제포켓몬,에스퍼 타입,강력한 사이코 파워가 새어 나가지 않도록 귀로 방출 기관을 덮고 있다.
678,냐오닉스,억제포켓몬,에스퍼 타입,귀 안쪽의 눈 같은 무늬에서 사이코 파워를 낸다. 그 위력은 10톤 트럭을 찌그러뜨릴 정도다.
679,단칼빙,도검포켓몬,"강철, 고스트 타입",죽은 사람의 영혼이 검에 깃들어 태어났다. 자루에 달린 끈으로 사람의 팔을 감고 생기를 빨아들인다.
680,쌍검킬,도검포켓몬,"강철, 고스트 타입",진화해서 2자루로 늘어났다. 2자루의 검이 서로 텔레파시로 대화하며 콤비네이션 공격을 한다.
681,킬가르도,왕검포켓몬,"강철, 고스트 타입",왕의 자질을 가진 인간을 알아본다고 한다. 킬가르도가 킹으로 인정한 사람은 이윽고 왕이 되었다.
682,슈쁘,향수포켓몬,페어리 타입,체내의 향기 주머니에서 냄새를 만들어 낸다. 먹은 먹이에 따라 향기가 바뀐다.
683,프레프티르,향수포켓몬,페어리 타입,냄새로 상대를 홀린다. 다양한 냄새를 만들어 낼 수 있다.
684,나룸퍼프,솜사탕포켓몬,페어리 타입,달콤한 냄새가 나는 끈적끈적한 실을 뿜어 적을 꼼짝 못 하게 한다.
685,나루림,크림포켓몬,페어리 타입,체모에는 달콤한 냄새가 배어 있다. 후각이 뛰어나 파티시에의 파트너로 활약한다.
686,오케이징,회전포켓몬,"악, 에스퍼 타입",발광체를 점멸시켜 상대를 쳐다보게 한다. 현혹시킨 틈에 촉수로 껴안는다.
687,칼라마네로,역전포켓몬,"악, 에스퍼 타입",강력한 최면술을 건다. 상대를 마음대로 조종해서 자신의 목적을 달성한다.
688,거북손손,두손포켓몬,"바위, 물 타입",위기 상황이 닥치면 2마리가 제각기 도망친다. 해변의 바위에 붙어 산다.
689,거북손데스,집합포켓몬,"바위, 물 타입",7마리의 거북손손이 집합한 모습이다. 7마리의 힘으로 싸운다.
690,수레기,유사해초포켓몬,"독, 물 타입",썩은 해초처럼 보여서 잘 모른다. 눈치채지 못하고 다가온 먹이에 독을 뿜는다.
691,드래캄,유사해초포켓몬,"독, 드래곤 타입",배의 성가신 존재다. 영역을 침범한 배에 맹독을 걸어 썩게 만든다.
692,완철포,물대포포켓몬,물 타입,오른쪽 집게에서 물대포를 발사한다. 바위를 깨부술 정도의 위력이다.
693,블로스터,런처포켓몬,물 타입,거대한 집게에서 물대포를 쏜다. 집게 뒤의 노즐에서 물을 뿜어 고속으로 이동한다.
694,목도리키텔,발전포켓몬,"전기, 노말 타입",머리의 주름을 펴서 태양 빛을 받으면 전기를 만들 수 있다.
695,일레도리자드,발전포켓몬,"전기, 노말 타입",목의 주름을 펼치면 태양 같은 모습이 된다. 전기를 만들어 근육을 자극해 다리의 힘을 높인다.
696,티고라스,유군포켓몬,"바위, 드래곤 타입",1억 년 전에는 왕과 같이 행동했던 포켓몬이다. 턱의 힘이 강해 자동차도 씹어 부순다.
697,견고라스,폭군포켓몬,"바위, 드래곤 타입",두꺼운 철판을 종이처럼 물어뜯는 큰 턱을 가졌다. 고대 세계의 왕자였다.
698,아마루스,툰드라포켓몬,"바위, 얼음 타입",1억 년 전 추운 땅에서 살았다. 얌전한 성격의 포켓몬이다.
699,아마루르가,툰드라포켓몬,"바위, 얼음 타입",다이아몬드 모양의 결정을 조종한다. 마이너스 150도의 냉기를 뿜어 적을 얼린다.
700,님피아,연결포켓몬,페어리 타입,리본 같은 더듬이에서 적의 적의를 없애는 파동을 보낸다. 좋아하는 트레이너의 팔에 더듬이를 감는다.
701,루차불,레슬링포켓몬,"격투, 비행 타입",가벼운 몸으로 공중 살법을 펼친다. 싸움이 끝나면 폼을 잡는다.
702,데덴네,안테나포켓몬,"전기, 페어리 타입",수염이 안테나 역할을 한다. 전파를 보내 동료와 대화한다.
703,멜리시,보석포켓몬,"바위, 페어리 타입","땅 밑 깊은 곳의 고온, 고압 환경에서 태어났다. 머리의 돌에서 빔을 쏜다."
704,미끄메라,연체포켓몬,드래곤 타입,가장 약한 드래곤 포켓몬이다. 미끌미끌한 점막으로 덮여 있어 펀치가 미끄러진다.
705,미끄네일,연체포켓몬,드래곤 타입,무엇이든 녹이는 점액을 분비하여 적을 격퇴한다. 눈은 퇴화해서 보이지 않는다.
706,미끄래곤,드래곤포켓몬,드래곤 타입,사람을 잘 따른다. 좋아하는 트레이너에게 달려들어 끈적끈적한 액투성이로 만든다.
707,클레피,열쇠꾸러미포켓몬,"강철, 페어리 타입",열쇠를 모으는 습성이 있다. 마음에 드는 열쇠는 절대 놓지 않는다.
708,나목령,그루터기포켓몬,"고스트, 풀 타입",숲에서 죽은 아이의 영혼이 나무 그루터기에 깃들어 포켓몬이 되었다.
709,대로트,고목포켓몬,"고스트, 풀 타입",뿌리를 신경처럼 사용해서 숲의 나무를 조종한다. 숲을 황폐하게 만드는 인간은 먹어버린다.
710,호박귀,호박포켓몬,"고스트, 풀 타입",성불하지 못한 영혼이 호박에 옮겨붙었다. 밤마다 거리를 배회한다.
711,펌킨인,호박포켓몬,"고스트, 풀 타입",그믐달이 뜬 밤에 섬뜩한 목소리로 노래하며 거리를 배회한다. 노래를 들으면 저주에 걸린다.
712,꽁어름,빙산포켓몬,얼음 타입,영하 100도의 냉기로 몸을 얼려서 적으로부터 몸을 지킨다. 크레베이스의 등에서 산다.
713,크레베이스,빙산포켓몬,얼음 타입,강철처럼 단단한 얼음 몸을 가졌다. 등 위의 평평한 곳에 꽁어름을 태우고 다닌다.
714,음뱃,음파포켓몬,"비행, 드래곤 타입",20만 헬르츠의 초음파를 낸다. 좋아하는 과일의 익은 정도를 초음파로 확인한다.
715,음번,음파포켓몬,"비행, 드래곤 타입",어둠 속에서도 자유롭게 날아다닌다. 귀에서 나오는 초음파는 거대한 바위도 부순다.
716,제르네아스,생명포켓몬,페어리 타입,영원한 생명을 나누어 준다고 한다. 수명이 다할 때가 되면 자신의 생명을 주변에 나누어 주고 잠든다.
717,이벨타르,파괴포켓몬,"악, 비행 타입",날개와 꼬리를 펼치고 빨갛게 빛날 때 살아 있는 모든 생명을 빨아들인다고 한다.
718,지가르데,질서포켓몬,"드래곤, 땅 타입",동굴 깊은 곳에서 가만히 생태계를 감시하고 있다. 생태계가 파괴될 때 나타난다.
719,디안시,보석포켓몬,"바위, 페어리 타입",멜리시의 돌연변이다. 핑크색으로 빛나는 몸은 세상에서 제일 아름답다고 한다.
720,후파,마신포켓몬,"에스퍼, 고스트 타입",링의 힘으로 공간을 왜곡시켜 떨어진 장소에 있는 물건을 날려 보낼 수 있다.
721,볼케니온,스팀포켓몬,"불꽃, 물 타입",체내의 수증기를 내뿜어 짙은 안개 속으로 모습을 감춘다. 산 하나를 날려버릴 위력이다.
722,나몰빼미,풀깃포켓몬,"풀, 비행 타입",광합성으로 에너지를 비축한다. 낮에는 자고 밤이 되면 활동을 시작한다.
723,빼미스로,칼날깃포켓몬,"풀, 비행 타입",날개 안쪽에 날카로운 칼날 깃털을 숨기고 있다. 정확하게 날려서 적을 꿰뚫는다.
724,모크나이퍼,화살깃포켓몬,"풀, 고스트 타입",1km 앞의 표적도 맞히는 실력을 가졌다. 기척을 지우고 적의 사각지대에서 쏜다.
725,냐오불,불고양이포켓몬,불꽃 타입,털을 혀로 핥아서 그루밍을 한다. 털뭉치는 뱃속에서 불태워 불꽃 기술로 뱉어낸다.
726,냐오히트,불고양이포켓몬,불꽃 타입,목에 달린 방울은 불꽃을 낳는 기관인 불꽃 주머니이다. 감정에 반응하여 온도가 올라간다.
727,어흥염,힐포켓몬,"불꽃, 악 타입",투쟁심이 높아지면 체내에서 만든 불꽃을 허리의 배꼽 주위에서 뿜어낸다.
728,누리공,강치포켓몬,물 타입,콧김을 이용하여 물 풍선을 만든다. 싸움뿐만 아니라 놀이에도 이용한다.
729,키요공,아이돌포켓몬,물 타입,댄스를 연습해서 풍선을 만드는 법을 배운다. 동료의 흉내를 내며 춤을 춘다.
730,누리레느,솔리스트포켓몬,"물, 페어리 타입",가희라고 불린다. 춤을 추며 물 풍선을 조종한다. 그 모습은 환상적이다.
731,콕코구리,딱따구리포켓몬,"노말, 비행 타입",초당 16번 나무를 쪼아 구멍을 뚫는다. 쪼는 소리는 동료에게 보내는 신호다.
732,크라파,나팔입포켓몬,"노말, 비행 타입",부리를 구부려 다양한 소리를 낸다. 성장하면 동료끼리 소리로 대화한다.
733,왕큰부리,대포포켓몬,"노말, 비행 타입",체내의 가스를 점화하여 나무 열매의 씨앗을 발사한다. 바위도 부수는 위력이다.
734,영구스,배회포켓몬,노말 타입,튼튼한 이빨로 뭐든지 물어부순다. 원래는 알로라에 살지 않았던 포켓몬이다.
735,형사구스,잠복포켓몬,노말 타입,먹이를 찾아 쉬지 않고 돌아다닌다. 참을성이 강해서 먹이가 나타날 때까지 계속 기다린다.
736,턱지충이,유충포켓몬,벌레 타입,튼튼한 턱으로 나무를 갉아 수액을 마신다. 흙 속으로 파고들 때도 턱을 쓴다.
737,전지충이,배터리포켓몬,"벌레, 전기 타입",먹은 낙엽을 소화할 때 전기를 만든다. 그 양은 가정용 전기로 하루를 쓸 정도다.
738,투구뿌논,사슴벌레포켓몬,"벌레, 전기 타입",복부에서 전기를 발사한다. 전지충이를 다리로 움켜쥐고 예비 배터리로 쓴다.
739,오기지게,권투포켓몬,격투 타입,집게로 급소를 노린다. 지는 것을 싫어해서 자신보다 큰 상대에게도 덤빈다.
740,모단단게,털게포켓몬,"격투, 얼음 타입",눈 덮인 산에서 길을 잃고 진화했다. 추위를 견디기 위해 털이 자라났다.
741,춤추새,댄스포켓몬,"전기, 비행 타입",빨아먹은 꿀의 성분에 따라 모습이 변한다. 춤을 추며 전기를 일으킨다.
742,에블리,등에포켓몬,"벌레, 페어리 타입",꽃의 꿀과 꽃가루를 모아 경단을 만든다. 먹으면 기분 좋은 마비 증상이 온다.
743,에리본,등에포켓몬,"벌레, 페어리 타입",꽃가루 경단은 영양이 풍부하다. 싸울 때는 어지럼증을 일으키는 경단을 던진다.
744,암멍이,강아지포켓몬,바위 타입,목에 있는 바위를 비비며 사람을 따른다. 진화할 때가 되면 혼자서 어디론가 떠난다.
745,루가루암,늑대포켓몬,바위 타입,낮의 모습과 밤의 모습 등이 있다. 진화할 때의 태양 에너지에 따라 모습이 바뀐다.
746,약어리,잔물고기포켓몬,물 타입,매우 약해서 떼를 지어 행동한다. 위기 상황이 되면 눈을 촉촉하게 해서 동료를 부른다.
747,시마사리,비정포켓몬,"독, 물 타입",머리의 가시로 독을 찌른다. 코산호의 가지를 꺾어서 먹는 것을 좋아한다.
748,더시마사리,비정포켓몬,"독, 물 타입",체내의 독주머니에서 맹독을 정제한다. 12개의 다리로 기어 다니며 먹이를 찾는다.
749,머드나기,당나귀포켓몬,땅 타입,진흙 놀이를 좋아한다. 진흙이 묻어 있지 않으면 스트레스를 받아 명령을 듣지 않는다.
750,만마드,짐나귀포켓몬,땅 타입,진흙과 침을 섞어 만든 다리의 보호막은 바위보다 단단하다.
751,물거미,수포포켓몬,"물, 벌레 타입",머리에 물로 만든 수포를 쓰고 육지로 올라온다. 수포 안에서 숨을 쉰다.
752,깨비물거미,수포포켓몬,"물, 벌레 타입",머리의 수포로 먹이를 감싸 익사시킨다. 평소에는 수포 안에서 지낸다.
753,짜랑랑,풀낫포켓몬,풀 타입,야행성이라 낮에는 자고 있다. 잠을 방해하면 잎사귀를 휘두르며 화를 낸다.
754,라란티스,꽃낫포켓몬,풀 타입,꽃처럼 아름다운 모습으로 적을 유인해서 처치한다. 낫으로 빔을 발사한다.
755,자마슈,발광포켓몬,"풀, 페어리 타입",밤이 되면 버섯 갓이 빛난다. 포자를 뿌리며 잠든 숲을 떠다닌다.
756,마셰이드,발광포켓몬,"풀, 페어리 타입",한밤중에 숲속을 걷는 사람을 이상한 빛으로 유혹해서 깊은 잠에 빠지게 한다.
757,야도뇽,독도마뱀포켓몬,"독, 불꽃 타입",꼬리의 무늬에서 페로몬 가스를 뿜는다. 수컷 포켓몬을 홀려서 조종한다.
758,염뉴트,독도마뱀포켓몬,"독, 불꽃 타입",암컷만 진화할 수 있다. 수컷 야도뇽들을 거느리고 역하렘을 만든다.
759,포곰곰,발버둥포켓몬,"노말, 격투 타입",겉모습은 귀엽지만 힘이 장사다. 안아주려다 척추가 부러질 수도 있다.
760,이븐곰,강한팔포켓몬,"노말, 격투 타입",동료를 껴안는 버릇이 있다. 그 힘으로 척추를 부러뜨려 세상을 떠나는 트레이너도 많다.
761,달콤아,과일포켓몬,풀 타입,전신에서 달콤한 향기가 난다. 적에게 습격당하면 머리의 꼭지를 돌려서 쫓아낸다.
762,달무리나,과일포켓몬,풀 타입,단단한 껍질로 덮여 있다. 새 포켓몬이 쪼아도 끄떡없다.
763,달코퀸,과일포켓몬,풀 타입,여왕 같은 성격이다. 다리로 상대를 짓밟고 승리를 기뻐하며 고소해한다.
764,큐아링,화관포켓몬,페어리 타입,꽃을 덩굴에 달아 화관을 만든다. 좋아하는 사람에게 화관을 선물한다.
765,하랑우탄,현자포켓몬,"노말, 에스퍼 타입",숲의 현자라고 불린다. 부채를 사용해 포켓몬에게 지시를 내리기도 한다.
766,내던숭이,연계포켓몬,격투 타입,딱딱한 나무 열매를 던져서 공격한다. 보스의 지시에 따라 팀플레이로 싸운다.
767,꼬시레,꼬리포켓몬,"벌레, 물 타입",겁이 많아서 소리가 나면 바로 도망친다. 썩은 먹이를 청소해준다.
768,갑주무사,장갑포켓몬,"벌레, 물 타입",날카로운 발톱으로 뭐든지 베어버린다. 불리해지면 바로 도망치는 신중한 성격이다.
769,모래꿍,모래산포켓몬,"고스트, 땅 타입",아이들이 만든 모래 산에 원념이 깃들어 태어났다. 입으로 생기를 빨아먹는다.
770,모래성이당,모래성포켓몬,"고스트, 땅 타입",모래 폭풍을 조종해서 포켓몬을 모래성에 가둔다. 모래 밑에는 뼈가 묻혀 있다.
771,해무기,내용물분출포켓몬,물 타입,입에서 내장을 뱉어내서 주먹처럼 휘두른다. 마음에 드는 장소에서 절대 움직이지 않는다.
772,타입:널,인공포켓몬,노말 타입,신화에 나오는 포켓몬을 목표로 만들어졌다. 무거운 가면으로 힘을 제어하고 있다.
773,실버디,인공포켓몬,노말 타입,신뢰하는 파트너를 만나 가면을 부수고 본래의 힘을 되찾았다. 메모리로 타입을 바꾼다.
774,메테노,유성포켓몬,"바위, 비행 타입",단단한 껍질 속에 코어가 있다. 껍질이 깨지면 가벼워져서 빠르게 움직인다.
775,자말라,꿈현실포켓몬,노말 타입,태어나서 죽을 때까지 잠만 잔다. 자면서 식사도 하고 싸움도 한다.
776,폭거북스,거북폭탄포켓몬,"불꽃, 드래곤 타입",등의 가시는 충격을 받으면 대폭발을 일으킨다. 배의 구멍에서 불꽃을 뿜는다.
777,토게데마루,동글구리포켓몬,"전기, 강철 타입",등의 가시 털은 평소에는 누워 있지만 흥분하면 곤두선다. 번개를 찌른다.
778,따라큐,탈포켓몬,"고스트, 페어리 타입",무서운 모습을 넝마로 가리고 있다. 그 안을 본 자는 공포 때문에 쇼크사한다고 한다.
779,치갈기,가는이빨포켓몬,"물, 에스퍼 타입",머리의 돌기에서 사이코 파워를 낸다. 튼튼한 이빨로 껍질이 단단한 먹이도 부순다.
780,할비롱,여유포켓몬,"노말, 드래곤 타입",아이들을 좋아해서 숲이나 마을에 나타나 놀아준다. 화가 나면 집을 날려버릴 정도로 난폭하다.
781,타타륜,해초포켓몬,"고스트, 풀 타입",해초가 본체다. 닻을 휘둘러 고래왕도 일격에 쓰러뜨린다.
782,짜랑꼬,비늘포켓몬,드래곤 타입,전신의 비늘을 부딪쳐 소리를 낸다. 리듬을 타며 춤을 춘다.
783,짜랑고우,비늘포켓몬,"드래곤, 격투 타입",비늘은 공격과 방어에 모두 쓰인다. 비늘이 떨어지면 바로 다시 자라난다.
784,짜랑고우거,비늘포켓몬,"드래곤, 격투 타입",비늘 소리로 적을 위협한다. 어퍼컷을 날려 상대를 하늘 높이 날려버린다.
785,카푸꼬꼬꼭,토지신포켓몬,"전기, 페어리 타입",멜레멜레섬의 수호신이다. 호기심이 왕성해서 사람이나 포켓몬 앞에 나타나기도 한다.
786,카푸나비나,토지신포켓몬,"에스퍼, 페어리 타입",아칼라섬의 수호신이다. 인분을 뿌려 닿은 자의 상처를 치료한다.
787,카푸브루루,토지신포켓몬,"풀, 페어리 타입",울라울라섬의 수호신이다. 나무를 조종하여 적을 공격한다. 게으른 성격이다.
788,카푸느지느,토지신포켓몬,"물, 페어리 타입",포니섬의 수호신이다. 물을 조종하여 안개를 만든다.
789,코스모그,성운포켓몬,에스퍼 타입,가스 형태의 몸은 아주 가벼워서 바람이 불면 날아가 버린다.
790,코스모움,원시성포켓몬,에스퍼 타입,껍질 안에는 검은 핵이 있다. 먼지가 쌓여서 진화 준비를 한다.
791,솔가레오,일륜포켓몬,"에스퍼, 강철 타입",태양을 삼킨 짐승이라 불린다. 빛을 뿜으며 밤도 낮처럼 밝게 비춘다.
792,루나아라,월륜포켓몬,"에스퍼, 고스트 타입",달을 유혹하는 짐승이라 불린다. 날개로 빛을 흡수하여 어둠을 쫓아낸다.
793,텅비드,기생포켓몬,"바위, 독 타입",울트라비스트의 일종. 사람이나 포켓몬에게 기생하여 조종한다.
794,매시붕,팽창포켓몬,"벌레, 격투 타입",울트라비스트의 일종. 전신의 근육을 부풀려 위협한다. 펀치 한 방으로 덤프트럭을 부순다.
795,페로코체,염미포켓몬,"벌레, 격투 타입",울트라비스트의 일종. 이 세계의 어떤 것에도 흥미를 보이지 않는다고 한다.
796,전수목,전기장식포켓몬,전기 타입,울트라비스트의 일종. 발전소를 습격한 것으로 보아 전기를 주식으로 하는 듯하다.
797,철화구야,쏘아올리기포켓몬,"강철, 비행 타입",울트라비스트의 일종. 두 팔에서 가스를 뿜어 숲을 불태운다.
798,종이신도,발도포켓몬,"풀, 강철 타입",울트라비스트의 일종. 종이처럼 얇은 몸이지만 칼날처럼 날카롭다.
799,악식킹,폭식포켓몬,"악, 드래곤 타입",울트라비스트의 일종. 산을 먹어 치울 정도로 식욕이 왕성하다. 똥을 싸지 않는다고 한다.
800,네크로즈마,프리즘포켓몬,에스퍼 타입,빛을 에너지원으로 삼는다. 빛을 찾아 여기저기 날뛰는 흉폭한 성격이다.
801,마기아나,인조포켓몬,"강철, 페어리 타입",500년 전에 만들어진 인조 포켓몬이다. 사람의 말을 이해하는 능력이 있다.
802,마샤도,그림자살이포켓몬,"격투, 고스트 타입",그림자 속에 숨어 상대의 움직임과 힘을 복사한다. 겁이 많아서 모습을 드러내지 않는다.
803,베베놈,독침포켓몬,독 타입,울트라비스트의 일종. 머리의 독침으로 독액을 발사한다. 사람의 말을 이해하는 지능이 있다.
804,아고용,독침포켓몬,"독, 드래곤 타입",울트라비스트의 일종. 뱃속에 수백 리터의 독액을 가지고 있다. 끈적이는 독을 발사한다.
805,차곡차곡,돌담포켓몬,"바위, 강철 타입",울트라비스트의 일종. 수많은 생명체가 하나씩 쌓여서 돌담 같은 모습이 되었다.
806,두파팡,불꽃놀이포켓몬,"불꽃, 고스트 타입",울트라비스트의 일종. 머리를 굴려서 폭발시킨다. 깜짝 놀라게 하는 것을 좋아한다.
807,제라오라,신뢰포켓몬,전기 타입,양손발의 패드에서 대전류를 발생시킨다. 번개 같은 스피드로 적을 농락한다.
808,멜탄,육각너트포켓몬,강철 타입,액체 형태의 금속으로 된 몸을 가졌다. 금속을 부식시켜 체내에 흡수한다.
809,멜메탈,너트포켓몬,강철 타입,멜탄이 진화한 모습. 금속을 만들어내는 능력을 가졌다.
810,흥나숭,꼬마원숭이포켓몬,풀 타입,스틱으로 두드려서 리듬을 탄다. 흥이 오르면 잎사귀가 더 파랗고 생생하게 변한다.
811,채키몽,꼬마원숭이포켓몬,풀 타입,훈련을 거듭하여 머리의 털 색깔이 선명해질수록 동료들 사이에서 존경받는다.
812,고릴타,드러머포켓몬,풀 타입,그루터기 드럼을 두드리는 기술이 뛰어난 자가 보스가 된다. 온화한 성격을 가졌다.
813,염버니,토끼포켓몬,불꽃 타입,준비운동을 해서 체온이 올라가면 본래의 힘을 발휘할 수 있다. 다릿심이 매우 강하다.
814,래비풋,토끼포켓몬,불꽃 타입,푹신한 털이 추위를 막아주고 불꽃 기술의 열기를 높여준다. 손을 쓰지 않고 싸운다.
815,에이스번,스트라이커포켓몬,불꽃 타입,자갈을 리프팅 하여 불꽃 축구공을 만든다. 슛을 날려 상대를 숯덩이로 만든다.
816,울머기,물도마뱀포켓몬,물 타입,물에 닿으면 몸의 색과 무늬가 주위와 동화된다. 겁이 많아서 금방 숨어버린다.
817,누겔레온,물도마뱀포켓몬,물 타입,손바닥에서 분비되는 수분으로 물의 공을 만들어 싸운다. 긴 혀는 능숙하게 쓴다.
818,인텔리레온,에이전트포켓몬,물 타입,손가락 끝에서 마하 3의 속도로 물을 분사한다. 얇은 막을 이용해 활공한다.
819,탐리스,볼주머니포켓몬,노말 타입,꼬리로 나무 열매를 감싸서 지킨다. 열매를 너무 많이 먹어서 움직임이 둔하다.
820,요씽리스,욕심쟁이포켓몬,노말 타입,어떤 튼튼한 나무 열매라도 이빨로 갉아서 내용을 먹는다. 꼬리에 열매를 숨긴다.
821,파라꼬,아기새포켓몬,비행 타입,경계심이 강하고 울음소리가 시끄럽다. 천적이 오면 동료에게 알려준다.
822,파크로우,까마귀포켓몬,비행 타입,지능이 높아서 도구를 사용한다. 반짝이는 물건을 모으는 습성이 있다.
823,아머까오,까마귀포켓몬,"비행, 강철 타입",가라르의 하늘을 지배하는 포켓몬이다. 칠흑의 날개는 적에게 공포심을 심어준다.
824,두루지벌레,유충포켓몬,벌레 타입,머리의 커다란 턱은 바위도 부순다. 땅속을 파고들며 먹이를 찾는다.
825,레도이벌레,레이돔포켓몬,"벌레, 에스퍼 타입",등껍질 안의 눈으로 주위를 살핀다. 사이코 파워를 사용하여 적을 탐지한다.
826,이올브,칠성무당벌레포켓몬,"벌레, 에스퍼 타입",뇌가 커지면서 사이코 파워가 강력해졌다. 날개를 쓰지 않고 사이코 파워로 난다.
827,훔처우,여우포켓몬,악 타입,귀여운 척하며 다가가 먹이를 훔친다. 꼬리로 흔적을 지우며 도망간다.
828,폭슬라이,여우포켓몬,악 타입,짐이 많은 상대를 타겟으로 삼는다. 가벼운 몸놀림으로 몰래 짐을 훔친다.
829,꼬모카,꽃장식포켓몬,풀 타입,물과 공기가 깨끗한 땅을 좋아한다. 꽃가루에는 치료 효과가 있다.
830,백솜모카,목화장식포켓몬,풀 타입,머리의 솜털은 영양분이 풍부하다. 솜털에 붙은 씨앗은 바람을 타고 멀리 퍼진다.
831,우르,양포켓몬,노말 타입,털이 자라면 굴러서 이동한다. 털은 탄력이 좋아서 절벽에서 떨어져도 다치지 않는다.
832,배우르,양포켓몬,노말 타입,뿔이 자라서 싸움을 잘하게 되었다. 늑대 포켓몬도 뿔로 들이받아 쫓아낸다.
833,깨물부기,물어뜯기포켓몬,물 타입,머리의 뿔은 바위처럼 단단하다. 무엇이든 물어뜯는 버릇이 있다.
834,갈가부기,물어뜯기포켓몬,"물, 바위 타입",턱의 힘이 강력해서 철봉도 씹어 부순다. 성격이 난폭하다.
835,멍파치,강아지포켓몬,전기 타입,움직이는 것을 보면 쫓아간다. 꼬리를 흔들며 전기를 만들어 낸다.
836,펄스멍,개포켓몬,전기 타입,다리에 전기를 두르고 맹렬한 스피드로 달린다. 시속 90km 이상 나온다.
837,탄동,석탄포켓몬,바위 타입,험한 길도 굴러서 이동한다. 몸을 태워서 붉은 빛을 낸다.
838,탄차곤,석탄포켓몬,"바위, 불꽃 타입",체내에서 타오르는 불꽃으로 등 위의 석탄을 태워 고속으로 이동한다.
839,석탄산,석탄포켓몬,"바위, 불꽃 타입",평소에는 온순하지만 인간이 광산을 어지럽히면 분노하여 숯덩이로 만든다.
840,과사삭벌레,사과살이포켓몬,"풀, 드래곤 타입",사과 안에 들어가 산다. 새 포켓몬에게 들키지 않으려고 죽은 척한다.
841,애프룡,사과날개포켓몬,"풀, 드래곤 타입",사과 껍질을 날개처럼 사용하여 난다. 강력한 산성 액체를 뱉는다.
842,단지래플,사과꿀포켓몬,"풀, 드래곤 타입",몸을 덮은 꿀 냄새로 먹이를 유인한다. 껍질이 단단해서 방어력이 높다.
843,모래뱀,뱀포켓몬,땅 타입,콧구멍에서 모래를 뿜어 몸을 숨긴다. 모래 속에 숨어서 먹이를 기다린다.
844,사는다,뱀포켓몬,땅 타입,몸을 똬리 틀어 스프링처럼 튀어 올라 공격한다. 턱 밑의 주머니에 모래를 모은다.
845,윽우지,삼키기포켓몬,"비행, 물 타입",먹이를 통째로 삼킨다. 목에 걸린 것이 먹이가 아니면 뱉어서 공격한다.
846,찌로꼬치,꼬치포켓몬,물 타입,날카로운 턱으로 먹이를 찌른다. 시력이 좋아서 물 밖의 먹이도 발견한다.
847,꼬치조,꼬치포켓몬,물 타입,꼬리 지느러미를 회전시켜 돌격한다. 스피드는 빠르지만 방향 전환이 서툴다.
848,일레즌,아기포켓몬,"전기, 독 타입",체내의 독주머니에서 전기를 만든다. 겁이 많아서 잘 운다.
849,스트린더,펑크포켓몬,"전기, 독 타입",가슴의 돌기에서 전기를 만들어 기타 소리 같은 소음을 낸다.
850,태우지네,열받음포켓몬,"불꽃, 벌레 타입",배의 발열 기관으로 열을 낸다. 머리의 더듬이로 주변을 탐색한다.
851,다태우지네,발열포켓몬,"불꽃, 벌레 타입",섭씨 800도의 고열을 낸다. 긴 몸으로 상대를 조여서 태워버린다.
852,때때무노,권법포켓몬,격투 타입,위기 상황이 되면 촉수를 잘라서 도망친다. 재생 능력이 뛰어나다.
853,케오퍼스,유술포켓몬,격투 타입,전신의 근육이 발달해 있다. 촉수로 상대를 조여서 기술을 건다.
854,데인차,홍차포켓몬,고스트 타입,다 마신 찻잔에 영혼이 깃들었다. 맛없는 차를 마시게 해서 에너지를 뺏는다.
855,포트데스,홍차포켓몬,고스트 타입,호텔의 낡은 티포트에 산다. 몸에서 독특한 차 향기를 낸다.
856,몸지브림,평온포켓몬,에스퍼 타입,강한 감정을 느끼면 도망친다. 아무도 없는 숲에서 조용히 산다.
857,손지브림,정숙포켓몬,에스퍼 타입,시끄러운 것을 아주 싫어한다. 큰 소리를 내는 상대는 사이코 파워로 입을 다물게 한다.
858,브리무음,정적포켓몬,"에스퍼, 페어리 타입",숲의 마녀라고 불린다. 숲을 시끄럽게 하는 자는 촉수로 공격한다.
859,메롱꿍,짓궂음포켓몬,"악, 페어리 타입",사람의 부정적인 감정을 먹고 산다. 장난을 쳐서 감정을 이끌어낸다.
860,쏘겨모,짓궂음포켓몬,"악, 페어리 타입",교활한 지혜를 가졌다. 상대를 속여서 곤경에 빠뜨리는 것을 좋아한다.
861,오롱털,빌드업포켓몬,"악, 페어리 타입",털을 근육처럼 움직여서 파워를 낸다. 머리카락을 꼬아서 펀치를 날린다.
862,가로막구리,정지포켓몬,"악, 노말 타입",팔을 교차해서 적의 공격을 막는다. 큰 소리로 위협하여 상대를 기죽게 한다.
863,나이킹,바이킹포켓몬,강철 타입,머리의 털이 경화되어 철 투구처럼 되었다. 호전적인 성격이다.
864,산호르곤,산호포켓몬,고스트 타입,코산호의 영혼이 모여 태어났다. 껍질은 사라지고 원념만 남았다.
865,창파나이트,오리포켓몬,격투 타입,굵은 파를 창과 방패처럼 다룬다. 정정당당하게 싸우는 기사도 정신을 가졌다.
866,마임꽁꽁,댄스포켓몬,"얼음, 에스퍼 타입",탭댄스가 특기다. 얼음 지팡이를 휘둘러 얼음 바닥을 만든다.
867,데스판,원념포켓몬,"땅, 고스트 타입",강한 원념이 점토판에 깃들었다. 그림자로 상대를 붙잡는다.
868,마휘핑,크림포켓몬,페어리 타입,행복을 느끼면 몸의 크림이 달콤해진다. 파트너에게 크림을 나눠준다.
869,대여르,진형포켓몬,격투 타입,6마리가 1개의 팀이다. 리더인 헤더의 명령에 따라 일사불란하게 움직인다.
870,찌르성게,성게포켓몬,전기 타입,가시 끝에서 전기를 낸다. 이빨이 단단해서 바위의 이끼를 갉아 먹는다.
871,누니머기,꼬마벌레포켓몬,"얼음, 벌레 타입",입에서 뿜은 실로 눈덩이를 만들어 굴린다. 눈을 먹고 산다.
872,모스노우,서리나방포켓몬,"얼음, 벌레 타입",날갯짓하면 눈보라가 일어난다. 차가운 냉기가 섞인 인분을 뿌린다.
873,돌큐,펭귄포켓몬,얼음 타입,머리가 얼음으로 덮여 있다. 낚시줄에 걸린 먹이를 먹고 낚시꾼을 놀라게 한다.
874,빙큐보,펭귄포켓몬,얼음 타입,머리의 얼음은 깨져도 다시 언다. 더위에 약해서 머리를 얼리고 있다.
875,에써르,감정포켓몬,"에스퍼, 노말 타입","뿔로 상대의 감정을 읽는다. 수컷은 집사, 암컷은 보모처럼 행동한다."
876,모르페코,투면포켓몬,"전기, 악 타입",배가 고프면 모습이 변한다. 화가 나서 닥치는 대로 난동을 부린다.
877,끼리동,동포켓몬,강철 타입,몸이 녹스는 것을 막기 위해 흙을 바른다. 비를 싫어해서 비가 오면 동굴로 숨는다.
878,대왕끼리동,동포켓몬,강철 타입,무리를 지어 생활한다. 코가 길어서 큰 바위도 가볍게 들어 올린다.
879,파치래곤,화석포켓몬,"전기, 드래곤 타입",고대의 바다를 지배했다. 꼬리의 근육으로 전기를 만들어 낸다.
880,파치르돈,화석포켓몬,"전기, 얼음 타입",뺨의 전기 주머니에서 전기를 만든다. 얼음으로 된 하반신은 춥다.
881,어래곤,화석포켓몬,"물, 드래곤 타입",강력한 다리와 턱을 가졌다. 육지에서는 호흡이 곤란해서 살 수 없다.
882,어치르돈,화석포켓몬,"물, 얼음 타입",머리를 거꾸로 달고 있다. 입에서 냉기를 뿜어 주변을 얼린다.
883,두랄루돈,합금포켓몬,"강철, 드래곤 타입",가볍고 단단한 금속 몸을 가졌다. 녹슬지 않아서 비를 맞아도 괜찮다.
884,드라꼰,돌보기포켓몬,"드래곤, 고스트 타입",100마리의 드라꼰이 모여야 드래런처로 진화한다고 한다.
885,드래런치,돌보기포켓몬,"드래곤, 고스트 타입",드라꼰을 머리에 태우고 다닌다. 싸울 때는 드라꼰을 미사일처럼 쏜다.
886,드래펄트,스텔스포켓몬,"드래곤, 고스트 타입",뿔의 구멍에 드라꼰을 넣고 다닌다. 마하의 속도로 날아다닌다.
887,자시안,검객포켓몬,페어리,전설의 영웅이다. 입에 문 검으로 무엇이든 베어 가른다.
888,자마젠타,전사포켓몬,격투,전설의 영웅이다. 몸을 덮은 금속은 어떤 공격도 튕겨낸다.
889,무한다이노,기가포켓몬,"독, 드래곤 타입",가슴의 코어에서 무한한 에너지가 나온다. 가라르지방의 재앙이었다.
890,치고마,권법포켓몬,격투 타입,단련하는 것을 좋아한다. 머리의 털을 잡아당기면 투지가 솟아난다.
891,우라오스,권법포켓몬,격투,일격의 태세와 연격의 태세가 있다. 일격 필살의 주먹을 날린다.
892,자루도,나쁜원숭이포켓몬,"악, 풀 타입",무리를 지어 숲속 깊은 곳에 산다. 덩굴을 자유자재로 다룬다.
893,레지에레키,일렉트론포켓몬,전기 타입,전신이 전기 에너지 덩어리다. 특수한 장비를 제거하면 힘을 제어할 수 없다.
894,레지드래고,드래곤볼포켓몬,드래곤 타입,드래곤 에너지가 결정화되어 몸이 되었다. 모든 드래곤 포켓몬의 힘을 쓴다.
895,블리자포스,준마포켓몬,얼음 타입,엄청난 괴력의 소유자다. 얼음으로 된 가면은 다이아몬드보다 단단하다.
896,레이스포스,준마포켓몬,고스트 타입,시각을 제외한 오감이 예민하다. 어둠 속을 소리 없이 달린다.
897,버드렉스,킹포켓몬,"에스퍼, 풀 타입",태고의 가라르를 지배했던 왕이다. 숲과 대지의 풍요를 가져온다.
898,버드렉스,킹포켓몬,"에스퍼, 얼음",애마와 인마일체가 되어 숲을 달린다. (중복 번호지만 설명을 위해 유지)
